detection_id,lat,lon,geom,antenna_id,tag_id,detection_timestamp_tz,tagged_timestamp_tz,create_user,create_date,mod_user,mod_date,program
642854,41.90820556,-70.57045833,0101000020E61000004450AB6382A451C07BAC631440F44440,TA1-A3,900_228000562309,2017-04-29 19:15:38+00,2017-04-29 12:37:00+00,bbray@mit.edu,2023-01-03 12:04:00+05,bbray@mit.edu,2023-01-03 12:04:00+05,Fresh Pond
642855,41.90820556,-70.57045833,0101000020E61000004450AB6382A451C07BAC631440F44440,TA1-A3,900_228000562311,2017-04-29 19:15:42+00,2017-04-29 12:54:00+00,bbray@mit.edu,2023-01-03 12:04:00+05,bbray@mit.edu,2023-01-03 12:04:00+05,Fresh Pond
642856,41.90820556,-70.57045833,0101000020E61000004450AB6382A451C07BAC631440F44440,TA1-A3,900_228000562306,2017-04-29 19:15:46+00,2017-04-29 12:18:00+00,bbray@mit.edu,2023-01-03 12:04:00+05,bbray@mit.edu,2023-01-03 12:04:00+05,Fresh Pond
642857,41.90820556,-70.57045833,0101000020E61000004450AB6382A451C07BAC631440F44440,TA1-A3,900_228000562311,2017-04-29 19:27:22+00,2017-04-29 12:54:00+00,bbray@mit.edu,2023-01-03 12:04:00+05,bbray@mit.edu,2023-01-03 12:04:00+05,Fresh Pond
642858,41.90820556,-70.57045833,0101000020E61000004450AB6382A451C07BAC631440F44440,TA1-A3,900_228000562309,2017-04-29 19:29:18+00,2017-04-29 12:37:00+00,bbray@mit.edu,2023-01-03 12:04:00+05,bbray@mit.edu,2023-01-03 12:04:00+05,Fresh Pond
642859,41.90820556,-70.57045833,0101000020E61000004450AB6382A451C07BAC631440F44440,TA1-A3,900_228000562306,2017-04-29 19:29:19+00,2017-04-29 12:18:00+00,bbray@mit.edu,2023-01-03 12:04:00+05,bbray@mit.edu,2023-01-03 12:04:00+05,Fresh Pond
642860,41.90850833,-70.57033056,0101000020E6100000890DBB4B80A451C05FD545004AF44440,TA1-A1,900_228000562309,2017-04-29 19:44:04+00,2017-04-29 12:37:00+00,bbray@mit.edu,2023-01-03 12:04:00+05,bbray@mit.edu,2023-01-03 12:04:00+05,Fresh Pond
642861,41.90850833,-70.57033056,0101000020E6100000890DBB4B80A451C05FD545004AF44440,TA1-A1,900_228000562311,2017-04-29 19:44:06+00,2017-04-29 12:54:00+00,bbray@mit.edu,2023-01-03 12:04:00+05,bbray@mit.edu,2023-01-03 12:04:00+05,Fresh Pond
642862,41.90850833,-70.57033056,0101000020E6100000890DBB4B80A451C05FD545004AF44440,TA1-A1,900_228000562306,2017-04-29 19:44:07+00,2017-04-29 12:18:00+00,bbray@mit.edu,2023-01-03 12:04:00+05,bbray@mit.edu,2023-01-03 12:04:00+05,Fresh Pond
642863,41.908225,-70.57005,0101000020E61000006DC5FEB27BA451C06E3480B740F44440,TA1-A2,900_228000562309,2017-04-29 19:45:39+00,2017-04-29 12:37:00+00,bbray@mit.edu,2023-01-03 12:04:00+05,bbray@mit.edu,2023-01-03 12:04:00+05,Fresh Pond
642864,41.908225,-70.57005,0101000020E61000006DC5FEB27BA451C06E3480B740F44440,TA1-A2,900_228000562311,2017-04-29 19:45:42+00,2017-04-29 12:54:00+00,bbray@mit.edu,2023-01-03 12:04:00+05,bbray@mit.edu,2023-01-03 12:04:00+05,Fresh Pond
642865,41.908225,-70.57005,0101000020E61000006DC5FEB27BA451C06E3480B740F44440,TA1-A2,900_228000562306,2017-04-29 19:45:54+00,2017-04-29 12:18:00+00,bbray@mit.edu,2023-01-03 12:04:00+05,bbray@mit.edu,2023-01-03 12:04:00+05,Fresh Pond
642866,41.908225,-70.57005,0101000020E61000006DC5FEB27BA451C06E3480B740F44440,TA1-A2,900_228000562311,2017-04-29 20:49:22+00,2017-04-29 12:54:00+00,bbray@mit.edu,2023-01-03 12:04:00+05,bbray@mit.edu,2023-01-03 12:04:00+05,Fresh Pond
642867,41.908225,-70.57005,0101000020E61000006DC5FEB27BA451C06E3480B740F44440,TA1-A2,900_228000562309,2017-04-29 20:49:58+00,2017-04-29 12:37:00+00,bbray@mit.edu,2023-01-03 12:04:00+05,bbray@mit.edu,2023-01-03 12:04:00+05,Fresh Pond
642868,41.908225,-70.57005,0101000020E61000006DC5FEB27BA451C06E3480B740F44440,TA1-A2,900_228000562306,2017-04-29 20:50:09+00,2017-04-29 12:18:00+00,bbray@mit.edu,2023-01-03 12:04:00+05,bbray@mit.edu,2023-01-03 12:04:00+05,Fresh Pond
642869,41.90850833,-70.57033056,0101000020E6100000890DBB4B80A451C05FD545004AF44440,TA1-A1,900_228000562306,2017-04-29 20:52:19+00,2017-04-29 12:18:00+00,bbray@mit.edu,2023-01-03 12:04:00+05,bbray@mit.edu,2023-01-03 12:04:00+05,Fresh Pond
642870,41.90850833,-70.57033056,0101000020E6100000890DBB4B80A451C05FD545004AF44440,TA1-A1,900_228000562309,2017-04-29 20:52:27+00,2017-04-29 12:37:00+00,bbray@mit.edu,2023-01-03 12:04:00+05,bbray@mit.edu,2023-01-03 12:04:00+05,Fresh Pond
642871,41.90850833,-70.57033056,0101000020E6100000890DBB4B80A451C05FD545004AF44440,TA1-A1,900_228000562311,2017-04-29 20:52:33+00,2017-04-29 12:54:00+00,bbray@mit.edu,2023-01-03 12:04:00+05,bbray@mit.edu,2023-01-03 12:04:00+05,Fresh Pond
642872,41.90850833,-70.57033056,0101000020E6100000890DBB4B80A451C05FD545004AF44440,TA1-A1,900_228000562336,2017-04-29 20:52:44+00,2017-04-29 14:30:00+00,bbray@mit.edu,2023-01-03 12:04:00+05,bbray@mit.edu,2023-01-03 12:04:00+05,Fresh Pond
642873,41.90850833,-70.57033056,0101000020E6100000890DBB4B80A451C05FD545004AF44440,TA1-A1,900_228000562336,2017-04-29 20:52:48+00,2017-04-29 14:30:00+00,bbray@mit.edu,2023-01-03 12:04:00+05,bbray@mit.edu,2023-01-03 12:04:00+05,Fresh Pond
642874,41.90820556,-70.57045833,0101000020E61000004450AB6382A451C07BAC631440F44440,TA1-A3,900_228000562306,2017-04-29 21:40:14+00,2017-04-29 12:18:00+00,bbray@mit.edu,2023-01-03 12:04:00+05,bbray@mit.edu,2023-01-03 12:04:00+05,Fresh Pond
642875,41.90820556,-70.57045833,0101000020E61000004450AB6382A451C07BAC631440F44440,TA1-A3,900_228000562311,2017-04-29 21:41:21+00,2017-04-29 12:54:00+00,bbray@mit.edu,2023-01-03 12:04:00+05,bbray@mit.edu,2023-01-03 12:04:00+05,Fresh Pond
642876,41.90820556,-70.57045833,0101000020E61000004450AB6382A451C07BAC631440F44440,TA1-A3,900_228000562309,2017-04-29 21:41:42+00,2017-04-29 12:37:00+00,bbray@mit.edu,2023-01-03 12:04:00+05,bbray@mit.edu,2023-01-03 12:04:00+05,Fresh Pond
642877,41.90820556,-70.57045833,0101000020E61000004450AB6382A451C07BAC631440F44440,TA1-A3,900_228000562336,2017-04-29 21:41:45+00,2017-04-29 14:30:00+00,bbray@mit.edu,2023-01-03 12:04:00+05,bbray@mit.edu,2023-01-03 12:04:00+05,Fresh Pond
642878,41.90820556,-70.57045833,0101000020E61000004450AB6382A451C07BAC631440F44440,TA1-A3,900_228000562343,2017-04-29 21:43:52+00,2017-04-29 14:59:00+00,bbray@mit.edu,2023-01-03 12:04:00+05,bbray@mit.edu,2023-01-03 12:04:00+05,Fresh Pond
642879,41.90820556,-70.57045833,0101000020E61000004450AB6382A451C07BAC631440F44440,TA1-A3,900_228000562345,2017-04-29 21:44:00+00,2017-04-29 15:08:00+00,bbray@mit.edu,2023-01-03 12:04:00+05,bbray@mit.edu,2023-01-03 12:04:00+05,Fresh Pond
642880,41.90820556,-70.57045833,0101000020E61000004450AB6382A451C07BAC631440F44440,TA1-A3,900_228000562351,2017-04-29 21:44:07+00,2017-04-29 16:02:00+00,bbray@mit.edu,2023-01-03 12:04:00+05,bbray@mit.edu,2023-01-03 12:04:00+05,Fresh Pond
642881,41.90820556,-70.57045833,0101000020E61000004450AB6382A451C07BAC631440F44440,TA1-A3,900_228000562309,2017-04-29 21:55:06+00,2017-04-29 12:37:00+00,bbray@mit.edu,2023-01-03 12:04:00+05,bbray@mit.edu,2023-01-03 12:04:00+05,Fresh Pond
642882,41.90820556,-70.57045833,0101000020E61000004450AB6382A451C07BAC631440F44440,TA1-A3,900_228000562311,2017-04-29 21:55:18+00,2017-04-29 12:54:00+00,bbray@mit.edu,2023-01-03 12:04:00+05,bbray@mit.edu,2023-01-03 12:04:00+05,Fresh Pond
642883,41.90820556,-70.57045833,0101000020E61000004450AB6382A451C07BAC631440F44440,TA1-A3,900_228000562306,2017-04-29 21:55:19+00,2017-04-29 12:18:00+00,bbray@mit.edu,2023-01-03 12:04:00+05,bbray@mit.edu,2023-01-03 12:04:00+05,Fresh Pond
642884,41.90820556,-70.57045833,0101000020E61000004450AB6382A451C07BAC631440F44440,TA1-A3,900_228000562336,2017-04-29 21:55:23+00,2017-04-29 14:30:00+00,bbray@mit.edu,2023-01-03 12:04:00+05,bbray@mit.edu,2023-01-03 12:04:00+05,Fresh Pond
642885,41.90820556,-70.57045833,0101000020E61000004450AB6382A451C07BAC631440F44440,TA1-A3,900_228000562343,2017-04-29 21:58:11+00,2017-04-29 14:59:00+00,bbray@mit.edu,2023-01-03 12:04:00+05,bbray@mit.edu,2023-01-03 12:04:00+05,Fresh Pond
642886,41.90820556,-70.57045833,0101000020E61000004450AB6382A451C07BAC631440F44440,TA1-A3,900_228000562351,2017-04-29 21:58:13+00,2017-04-29 16:02:00+00,bbray@mit.edu,2023-01-03 12:04:00+05,bbray@mit.edu,2023-01-03 12:04:00+05,Fresh Pond
642887,41.90820556,-70.57045833,0101000020E61000004450AB6382A451C07BAC631440F44440,TA1-A3,900_228000562345,2017-04-29 21:58:19+00,2017-04-29 15:08:00+00,bbray@mit.edu,2023-01-03 12:04:00+05,bbray@mit.edu,2023-01-03 12:04:00+05,Fresh Pond
642888,41.90820556,-70.57045833,0101000020E61000004450AB6382A451C07BAC631440F44440,TA1-A3,900_228000562309,2017-04-30 02:22:35+00,2017-04-29 12:37:00+00,bbray@mit.edu,2023-01-03 12:04:00+05,bbray@mit.edu,2023-01-03 12:04:00+05,Fresh Pond
642889,41.90820556,-70.57045833,0101000020E61000004450AB6382A451C07BAC631440F44440,TA1-A3,900_228000562306,2017-04-30 02:29:49+00,2017-04-29 12:18:00+00,bbray@mit.edu,2023-01-03 12:04:00+05,bbray@mit.edu,2023-01-03 12:04:00+05,Fresh Pond
642890,41.90820556,-70.57045833,0101000020E61000004450AB6382A451C07BAC631440F44440,TA1-A3,900_228000562336,2017-04-30 02:29:58+00,2017-04-29 14:30:00+00,bbray@mit.edu,2023-01-03 12:04:00+05,bbray@mit.edu,2023-01-03 12:04:00+05,Fresh Pond
642891,41.90820556,-70.57045833,0101000020E61000004450AB6382A451C07BAC631440F44440,TA1-A3,900_228000562311,2017-04-30 02:30:01+00,2017-04-29 12:54:00+00,bbray@mit.edu,2023-01-03 12:04:00+05,bbray@mit.edu,2023-01-03 12:04:00+05,Fresh Pond
642892,41.90820556,-70.57045833,0101000020E61000004450AB6382A451C07BAC631440F44440,TA1-A3,900_228000562343,2017-04-30 02:30:05+00,2017-04-29 14:59:00+00,bbray@mit.edu,2023-01-03 12:04:00+05,bbray@mit.edu,2023-01-03 12:04:00+05,Fresh Pond
642893,41.90820556,-70.57045833,0101000020E61000004450AB6382A451C07BAC631440F44440,TA1-A3,900_228000562351,2017-04-30 02:30:07+00,2017-04-29 16:02:00+00,bbray@mit.edu,2023-01-03 12:04:00+05,bbray@mit.edu,2023-01-03 12:04:00+05,Fresh Pond
642894,41.90820556,-70.57045833,0101000020E61000004450AB6382A451C07BAC631440F44440,TA1-A3,900_228000562345,2017-04-30 02:30:10+00,2017-04-29 15:08:00+00,bbray@mit.edu,2023-01-03 12:04:00+05,bbray@mit.edu,2023-01-03 12:04:00+05,Fresh Pond
642895,41.90820556,-70.57045833,0101000020E61000004450AB6382A451C07BAC631440F44440,TA1-A3,900_228000562306,2017-04-30 07:04:19+00,2017-04-29 12:18:00+00,bbray@mit.edu,2023-01-03 12:04:00+05,bbray@mit.edu,2023-01-03 12:04:00+05,Fresh Pond
642896,41.90820556,-70.57045833,0101000020E61000004450AB6382A451C07BAC631440F44440,TA1-A3,900_228000562309,2017-04-30 07:05:00+00,2017-04-29 12:37:00+00,bbray@mit.edu,2023-01-03 12:04:00+05,bbray@mit.edu,2023-01-03 12:04:00+05,Fresh Pond
642897,41.90820556,-70.57045833,0101000020E61000004450AB6382A451C07BAC631440F44440,TA1-A3,900_228000562311,2017-04-30 07:05:12+00,2017-04-29 12:54:00+00,bbray@mit.edu,2023-01-03 12:04:00+05,bbray@mit.edu,2023-01-03 12:04:00+05,Fresh Pond
642898,41.90820556,-70.57045833,0101000020E61000004450AB6382A451C07BAC631440F44440,TA1-A3,900_228000562336,2017-04-30 07:05:18+00,2017-04-29 14:30:00+00,bbray@mit.edu,2023-01-03 12:04:00+05,bbray@mit.edu,2023-01-03 12:04:00+05,Fresh Pond
642899,41.90820556,-70.57045833,0101000020E61000004450AB6382A451C07BAC631440F44440,TA1-A3,900_228000562345,2017-04-30 07:05:23+00,2017-04-29 15:08:00+00,bbray@mit.edu,2023-01-03 12:04:00+05,bbray@mit.edu,2023-01-03 12:04:00+05,Fresh Pond
642900,41.90820556,-70.57045833,0101000020E61000004450AB6382A451C07BAC631440F44440,TA1-A3,900_228000562343,2017-04-30 07:05:30+00,2017-04-29 14:59:00+00,bbray@mit.edu,2023-01-03 12:04:00+05,bbray@mit.edu,2023-01-03 12:04:00+05,Fresh Pond
642901,41.90820556,-70.57045833,0101000020E61000004450AB6382A451C07BAC631440F44440,TA1-A3,900_228000562351,2017-04-30 07:05:32+00,2017-04-29 16:02:00+00,bbray@mit.edu,2023-01-03 12:04:00+05,bbray@mit.edu,2023-01-03 12:04:00+05,Fresh Pond
642902,41.90850833,-70.57033056,0101000020E6100000890DBB4B80A451C05FD545004AF44440,TA1-A1,900_228000562306,2017-04-30 07:12:28+00,2017-04-29 12:18:00+00,bbray@mit.edu,2023-01-03 12:04:00+05,bbray@mit.edu,2023-01-03 12:04:00+05,Fresh Pond
642903,41.90850833,-70.57033056,0101000020E6100000890DBB4B80A451C05FD545004AF44440,TA1-A1,900_228000562336,2017-04-30 07:12:33+00,2017-04-29 14:30:00+00,bbray@mit.edu,2023-01-03 12:04:00+05,bbray@mit.edu,2023-01-03 12:04:00+05,Fresh Pond
642904,41.90850833,-70.57033056,0101000020E6100000890DBB4B80A451C05FD545004AF44440,TA1-A1,900_228000562309,2017-04-30 07:12:45+00,2017-04-29 12:37:00+00,bbray@mit.edu,2023-01-03 12:04:00+05,bbray@mit.edu,2023-01-03 12:04:00+05,Fresh Pond
642905,41.90850833,-70.57033056,0101000020E6100000890DBB4B80A451C05FD545004AF44440,TA1-A1,900_228000562311,2017-04-30 07:13:07+00,2017-04-29 12:54:00+00,bbray@mit.edu,2023-01-03 12:04:00+05,bbray@mit.edu,2023-01-03 12:04:00+05,Fresh Pond
642906,41.90850833,-70.57033056,0101000020E6100000890DBB4B80A451C05FD545004AF44440,TA1-A1,900_228000562345,2017-04-30 07:13:08+00,2017-04-29 15:08:00+00,bbray@mit.edu,2023-01-03 12:04:00+05,bbray@mit.edu,2023-01-03 12:04:00+05,Fresh Pond
642907,41.90850833,-70.57033056,0101000020E6100000890DBB4B80A451C05FD545004AF44440,TA1-A1,900_228000562343,2017-04-30 07:13:43+00,2017-04-29 14:59:00+00,bbray@mit.edu,2023-01-03 12:04:00+05,bbray@mit.edu,2023-01-03 12:04:00+05,Fresh Pond
642908,41.90850833,-70.57033056,0101000020E6100000890DBB4B80A451C05FD545004AF44440,TA1-A1,900_228000562351,2017-04-30 07:13:47+00,2017-04-29 16:02:00+00,bbray@mit.edu,2023-01-03 12:04:00+05,bbray@mit.edu,2023-01-03 12:04:00+05,Fresh Pond
642909,41.908225,-70.57005,0101000020E61000006DC5FEB27BA451C06E3480B740F44440,TA1-A2,900_228000562306,2017-04-30 07:16:19+00,2017-04-29 12:18:00+00,bbray@mit.edu,2023-01-03 12:04:00+05,bbray@mit.edu,2023-01-03 12:04:00+05,Fresh Pond
642910,41.908225,-70.57005,0101000020E61000006DC5FEB27BA451C06E3480B740F44440,TA1-A2,900_228000562311,2017-04-30 07:16:32+00,2017-04-29 12:54:00+00,bbray@mit.edu,2023-01-03 12:04:00+05,bbray@mit.edu,2023-01-03 12:04:00+05,Fresh Pond
642911,41.908225,-70.57005,0101000020E61000006DC5FEB27BA451C06E3480B740F44440,TA1-A2,900_228000562314,2017-04-30 07:16:33+00,2017-04-29 13:12:00+00,bbray@mit.edu,2023-01-03 12:04:00+05,bbray@mit.edu,2023-01-03 12:04:00+05,Fresh Pond
642912,41.908225,-70.57005,0101000020E61000006DC5FEB27BA451C06E3480B740F44440,TA1-A2,900_228000562326,2017-04-30 07:16:34+00,2017-04-29 13:50:00+00,bbray@mit.edu,2023-01-03 12:04:00+05,bbray@mit.edu,2023-01-03 12:04:00+05,Fresh Pond
642913,41.908225,-70.57005,0101000020E61000006DC5FEB27BA451C06E3480B740F44440,TA1-A2,900_228000562320,2017-04-30 07:16:35+00,2017-04-29 13:28:00+00,bbray@mit.edu,2023-01-03 12:04:00+05,bbray@mit.edu,2023-01-03 12:04:00+05,Fresh Pond
642914,41.908225,-70.57005,0101000020E61000006DC5FEB27BA451C06E3480B740F44440,TA1-A2,900_228000562315,2017-04-30 07:16:36+00,2017-04-29 13:13:00+00,bbray@mit.edu,2023-01-03 12:04:00+05,bbray@mit.edu,2023-01-03 12:04:00+05,Fresh Pond
642915,41.908225,-70.57005,0101000020E61000006DC5FEB27BA451C06E3480B740F44440,TA1-A2,900_228000562317,2017-04-30 07:16:37+00,2017-04-29 13:25:00+00,bbray@mit.edu,2023-01-03 12:04:00+05,bbray@mit.edu,2023-01-03 12:04:00+05,Fresh Pond
642916,41.908225,-70.57005,0101000020E61000006DC5FEB27BA451C06E3480B740F44440,TA1-A2,900_228000562316,2017-04-30 07:16:38+00,2017-04-29 13:14:00+00,bbray@mit.edu,2023-01-03 12:04:00+05,bbray@mit.edu,2023-01-03 12:04:00+05,Fresh Pond
642917,41.908225,-70.57005,0101000020E61000006DC5FEB27BA451C06E3480B740F44440,TA1-A2,900_228000562309,2017-04-30 07:16:40+00,2017-04-29 12:37:00+00,bbray@mit.edu,2023-01-03 12:04:00+05,bbray@mit.edu,2023-01-03 12:04:00+05,Fresh Pond
642918,41.908225,-70.57005,0101000020E61000006DC5FEB27BA451C06E3480B740F44440,TA1-A2,900_228000562336,2017-04-30 07:19:45+00,2017-04-29 14:30:00+00,bbray@mit.edu,2023-01-03 12:04:00+05,bbray@mit.edu,2023-01-03 12:04:00+05,Fresh Pond
642919,41.908225,-70.57005,0101000020E61000006DC5FEB27BA451C06E3480B740F44440,TA1-A2,900_228000562343,2017-04-30 07:19:53+00,2017-04-29 14:59:00+00,bbray@mit.edu,2023-01-03 12:04:00+05,bbray@mit.edu,2023-01-03 12:04:00+05,Fresh Pond
642920,41.908225,-70.57005,0101000020E61000006DC5FEB27BA451C06E3480B740F44440,TA1-A2,900_228000562351,2017-04-30 14:20:04+00,2017-04-29 16:02:00+00,bbray@mit.edu,2023-01-03 12:04:00+05,bbray@mit.edu,2023-01-03 12:04:00+05,Fresh Pond
642921,41.908225,-70.57005,0101000020E61000006DC5FEB27BA451C06E3480B740F44440,TA1-A2,900_228000562345,2017-04-30 14:20:11+00,2017-04-29 15:08:00+00,bbray@mit.edu,2023-01-03 12:04:00+05,bbray@mit.edu,2023-01-03 12:04:00+05,Fresh Pond
642922,41.90850833,-70.57033056,0101000020E6100000890DBB4B80A451C05FD545004AF44440,TA1-A1,900_228000562367,2017-05-07 16:47:37+00,2017-05-07 11:46:00+00,bbray@mit.edu,2023-01-03 12:04:00+05,bbray@mit.edu,2023-01-03 12:04:00+05,Fresh Pond
642923,41.90850833,-70.57033056,0101000020E6100000890DBB4B80A451C05FD545004AF44440,TA1-A1,900_228000562366,2017-05-07 16:47:39+00,2017-05-07 11:45:00+00,bbray@mit.edu,2023-01-03 12:04:00+05,bbray@mit.edu,2023-01-03 12:04:00+05,Fresh Pond
642924,41.90850833,-70.57033056,0101000020E6100000890DBB4B80A451C05FD545004AF44440,TA1-A1,900_228000562369,2017-05-07 16:48:34+00,2017-05-07 11:47:00+00,bbray@mit.edu,2023-01-03 12:04:00+05,bbray@mit.edu,2023-01-03 12:04:00+05,Fresh Pond
642925,41.908225,-70.57005,0101000020E61000006DC5FEB27BA451C06E3480B740F44440,TA1-A2,900_228000562369,2017-05-07 17:42:29+00,2017-05-07 11:47:00+00,bbray@mit.edu,2023-01-03 12:04:00+05,bbray@mit.edu,2023-01-03 12:04:00+05,Fresh Pond
642926,41.908225,-70.57005,0101000020E61000006DC5FEB27BA451C06E3480B740F44440,TA1-A2,900_228000562366,2017-05-07 17:43:19+00,2017-05-07 11:45:00+00,bbray@mit.edu,2023-01-03 12:04:00+05,bbray@mit.edu,2023-01-03 12:04:00+05,Fresh Pond
642927,41.908225,-70.57005,0101000020E61000006DC5FEB27BA451C06E3480B740F44440,TA1-A2,900_228000562367,2017-05-07 17:43:27+00,2017-05-07 11:46:00+00,bbray@mit.edu,2023-01-03 12:04:00+05,bbray@mit.edu,2023-01-03 12:04:00+05,Fresh Pond
642928,41.908225,-70.57005,0101000020E61000006DC5FEB27BA451C06E3480B740F44440,TA1-A2,900_228000562369,2017-05-07 17:58:34+00,2017-05-07 11:47:00+00,bbray@mit.edu,2023-01-03 12:04:00+05,bbray@mit.edu,2023-01-03 12:04:00+05,Fresh Pond
642929,41.90850833,-70.57033056,0101000020E6100000890DBB4B80A451C05FD545004AF44440,TA1-A1,900_228000562369,2017-05-07 18:03:31+00,2017-05-07 11:47:00+00,bbray@mit.edu,2023-01-03 12:04:00+05,bbray@mit.edu,2023-01-03 12:04:00+05,Fresh Pond
642930,41.90820556,-70.57045833,0101000020E61000004450AB6382A451C07BAC631440F44440,TA1-A3,900_228000562369,2017-05-07 18:17:17+00,2017-05-07 11:47:00+00,bbray@mit.edu,2023-01-03 12:04:00+05,bbray@mit.edu,2023-01-03 12:04:00+05,Fresh Pond
642931,41.908225,-70.57005,0101000020E61000006DC5FEB27BA451C06E3480B740F44440,TA1-A2,900_228000562366,2017-05-07 18:23:29+00,2017-05-07 11:45:00+00,bbray@mit.edu,2023-01-03 12:04:00+05,bbray@mit.edu,2023-01-03 12:04:00+05,Fresh Pond
642932,41.90850833,-70.57033056,0101000020E6100000890DBB4B80A451C05FD545004AF44440,TA1-A1,900_228000562373,2017-05-07 18:33:25+00,2017-05-07 14:15:00+00,bbray@mit.edu,2023-01-03 12:04:00+05,bbray@mit.edu,2023-01-03 12:04:00+05,Fresh Pond
642933,41.908225,-70.57005,0101000020E61000006DC5FEB27BA451C06E3480B740F44440,TA1-A2,900_228000562367,2017-05-07 18:33:27+00,2017-05-07 11:46:00+00,bbray@mit.edu,2023-01-03 12:04:00+05,bbray@mit.edu,2023-01-03 12:04:00+05,Fresh Pond
642934,41.90820556,-70.57045833,0101000020E61000004450AB6382A451C07BAC631440F44440,TA1-A3,900_228000562369,2017-05-07 18:37:14+00,2017-05-07 11:47:00+00,bbray@mit.edu,2023-01-03 12:04:00+05,bbray@mit.edu,2023-01-03 12:04:00+05,Fresh Pond
642935,41.908225,-70.57005,0101000020E61000006DC5FEB27BA451C06E3480B740F44440,TA1-A2,900_228000562373,2017-05-07 18:37:31+00,2017-05-07 14:15:00+00,bbray@mit.edu,2023-01-03 12:04:00+05,bbray@mit.edu,2023-01-03 12:04:00+05,Fresh Pond
642936,41.908225,-70.57005,0101000020E61000006DC5FEB27BA451C06E3480B740F44440,TA1-A2,900_228000562373,2017-05-07 18:37:33+00,2017-05-07 14:15:00+00,bbray@mit.edu,2023-01-03 12:04:00+05,bbray@mit.edu,2023-01-03 12:04:00+05,Fresh Pond
642937,41.90820556,-70.57045833,0101000020E61000004450AB6382A451C07BAC631440F44440,TA1-A3,900_228000562373,2017-05-07 18:42:49+00,2017-05-07 14:15:00+00,bbray@mit.edu,2023-01-03 12:04:00+05,bbray@mit.edu,2023-01-03 12:04:00+05,Fresh Pond
642938,41.90820556,-70.57045833,0101000020E61000004450AB6382A451C07BAC631440F44440,TA1-A3,900_228000562369,2017-05-07 18:42:50+00,2017-05-07 11:47:00+00,bbray@mit.edu,2023-01-03 12:04:00+05,bbray@mit.edu,2023-01-03 12:04:00+05,Fresh Pond
642939,41.90820556,-70.57045833,0101000020E61000004450AB6382A451C07BAC631440F44440,TA1-A3,900_228000562366,2017-05-07 18:42:51+00,2017-05-07 23:45:00+00,bbray@mit.edu,2023-01-03 12:04:00+05,bbray@mit.edu,2023-01-03 12:04:00+05,Fresh Pond
642940,41.90820556,-70.57045833,0101000020E61000004450AB6382A451C07BAC631440F44440,TA1-A3,900_228000562367,2017-05-07 18:43:07+00,2017-05-07 11:46:00+00,bbray@mit.edu,2023-01-03 12:04:00+05,bbray@mit.edu,2023-01-03 12:04:00+05,Fresh Pond
642941,41.90820556,-70.57045833,0101000020E61000004450AB6382A451C07BAC631440F44440,TA1-A3,900_228000562366,2017-05-07 18:53:13+00,2017-05-07 23:45:00+00,bbray@mit.edu,2023-01-03 12:04:00+05,bbray@mit.edu,2023-01-03 12:04:00+05,Fresh Pond
642942,41.90820556,-70.57045833,0101000020E61000004450AB6382A451C07BAC631440F44440,TA1-A3,900_228000562373,2017-05-07 18:53:17+00,2017-05-07 14:15:00+00,bbray@mit.edu,2023-01-03 12:04:00+05,bbray@mit.edu,2023-01-03 12:04:00+05,Fresh Pond
642943,41.90820556,-70.57045833,0101000020E61000004450AB6382A451C07BAC631440F44440,TA1-A3,900_228000562369,2017-05-07 18:57:16+00,2017-05-07 11:47:00+00,bbray@mit.edu,2023-01-03 12:04:00+05,bbray@mit.edu,2023-01-03 12:04:00+05,Fresh Pond
642944,41.90850833,-70.57033056,0101000020E6100000890DBB4B80A451C05FD545004AF44440,TA1-A1,900_228000562373,2017-05-07 19:09:22+00,2017-05-07 14:15:00+00,bbray@mit.edu,2023-01-03 12:04:00+05,bbray@mit.edu,2023-01-03 12:04:00+05,Fresh Pond
642945,41.90850833,-70.57033056,0101000020E6100000890DBB4B80A451C05FD545004AF44440,TA1-A1,900_228000562364,2017-05-07 19:11:18+00,2017-05-07 10:42:00+00,bbray@mit.edu,2023-01-03 12:04:00+05,bbray@mit.edu,2023-01-03 12:04:00+05,Fresh Pond
642946,41.90850833,-70.57033056,0101000020E6100000890DBB4B80A451C05FD545004AF44440,TA1-A1,900_228000562365,2017-05-07 19:11:21+00,2017-05-07 11:45:00+00,bbray@mit.edu,2023-01-03 12:04:00+05,bbray@mit.edu,2023-01-03 12:04:00+05,Fresh Pond
642947,41.908225,-70.57005,0101000020E61000006DC5FEB27BA451C06E3480B740F44440,TA1-A2,900_228000562373,2017-05-07 19:12:51+00,2017-05-07 14:15:00+00,bbray@mit.edu,2023-01-03 12:04:00+05,bbray@mit.edu,2023-01-03 12:04:00+05,Fresh Pond
642948,41.908225,-70.57005,0101000020E61000006DC5FEB27BA451C06E3480B740F44440,TA1-A2,900_228000562373,2017-05-07 19:18:10+00,2017-05-07 14:15:00+00,bbray@mit.edu,2023-01-03 12:04:00+05,bbray@mit.edu,2023-01-03 12:04:00+05,Fresh Pond
642949,41.90820556,-70.57045833,0101000020E61000004450AB6382A451C07BAC631440F44440,TA1-A3,900_228000562369,2017-05-07 19:21:35+00,2017-05-07 11:47:00+00,bbray@mit.edu,2023-01-03 12:04:00+05,bbray@mit.edu,2023-01-03 12:04:00+05,Fresh Pond
642950,41.90850833,-70.57033056,0101000020E6100000890DBB4B80A451C05FD545004AF44440,TA1-A1,900_228000562366,2017-05-07 19:23:13+00,2017-05-07 23:45:00+00,bbray@mit.edu,2023-01-03 12:04:00+05,bbray@mit.edu,2023-01-03 12:04:00+05,Fresh Pond
642951,41.90850833,-70.57033056,0101000020E6100000890DBB4B80A451C05FD545004AF44440,TA1-A1,900_228000562373,2017-05-07 19:24:17+00,2017-05-07 14:15:00+00,bbray@mit.edu,2023-01-03 12:04:00+05,bbray@mit.edu,2023-01-03 12:04:00+05,Fresh Pond
642952,41.90850833,-70.57033056,0101000020E6100000890DBB4B80A451C05FD545004AF44440,TA1-A1,900_228000562373,2017-05-07 20:37:52+00,2017-05-07 14:15:00+00,bbray@mit.edu,2023-01-03 12:04:00+05,bbray@mit.edu,2023-01-03 12:04:00+05,Fresh Pond
642953,41.90820556,-70.57045833,0101000020E61000004450AB6382A451C07BAC631440F44440,TA1-A3,900_228000562369,2017-05-07 20:45:31+00,2017-05-07 11:47:00+00,bbray@mit.edu,2023-01-03 12:04:00+05,bbray@mit.edu,2023-01-03 12:04:00+05,Fresh Pond
642954,41.90820556,-70.57045833,0101000020E61000004450AB6382A451C07BAC631440F44440,TA1-A3,900_228000562367,2017-05-07 20:45:39+00,2017-05-07 11:46:00+00,bbray@mit.edu,2023-01-03 12:04:00+05,bbray@mit.edu,2023-01-03 12:04:00+05,Fresh Pond
642955,41.908225,-70.57005,0101000020E61000006DC5FEB27BA451C06E3480B740F44440,TA1-A2,900_228000562373,2017-05-07 20:46:03+00,2017-05-07 14:15:00+00,bbray@mit.edu,2023-01-03 12:04:00+05,bbray@mit.edu,2023-01-03 12:04:00+05,Fresh Pond
642956,41.90850833,-70.57033056,0101000020E6100000890DBB4B80A451C05FD545004AF44440,TA1-A1,900_228000562371,2017-05-07 20:46:05+00,2017-05-07 15:12:00+00,bbray@mit.edu,2023-01-03 12:04:00+05,bbray@mit.edu,2023-01-03 12:04:00+05,Fresh Pond
642957,41.90850833,-70.57033056,0101000020E6100000890DBB4B80A451C05FD545004AF44440,TA1-A1,900_228000562374,2017-05-07 20:46:06+00,2017-05-07 15:16:00+00,bbray@mit.edu,2023-01-03 12:04:00+05,bbray@mit.edu,2023-01-03 12:04:00+05,Fresh Pond
642958,41.90850833,-70.57033056,0101000020E6100000890DBB4B80A451C05FD545004AF44440,TA1-A1,900_228000562376,2017-05-07 20:46:09+00,2017-05-07 15:16:00+00,bbray@mit.edu,2023-01-03 12:04:00+05,bbray@mit.edu,2023-01-03 12:04:00+05,Fresh Pond
642959,41.908225,-70.57005,0101000020E61000006DC5FEB27BA451C06E3480B740F44440,TA1-A2,900_228000562376,2017-05-07 20:49:31+00,2017-05-07 15:16:00+00,bbray@mit.edu,2023-01-03 12:04:00+05,bbray@mit.edu,2023-01-03 12:04:00+05,Fresh Pond
642960,41.908225,-70.57005,0101000020E61000006DC5FEB27BA451C06E3480B740F44440,TA1-A2,900_228000562376,2017-05-07 20:52:59+00,2017-05-07 15:16:00+00,bbray@mit.edu,2023-01-03 12:04:00+05,bbray@mit.edu,2023-01-03 12:04:00+05,Fresh Pond
642961,41.90850833,-70.57033056,0101000020E6100000890DBB4B80A451C05FD545004AF44440,TA1-A1,900_228000562376,2017-05-07 20:55:01+00,2017-05-07 15:16:00+00,bbray@mit.edu,2023-01-03 12:04:00+05,bbray@mit.edu,2023-01-03 12:04:00+05,Fresh Pond
642962,41.90850833,-70.57033056,0101000020E6100000890DBB4B80A451C05FD545004AF44440,TA1-A1,900_228000562367,2017-05-07 20:55:11+00,2017-05-07 11:46:00+00,bbray@mit.edu,2023-01-03 12:04:00+05,bbray@mit.edu,2023-01-03 12:04:00+05,Fresh Pond
642963,41.908225,-70.57005,0101000020E61000006DC5FEB27BA451C06E3480B740F44440,TA1-A2,900_228000562367,2017-05-07 20:55:20+00,2017-05-07 11:46:00+00,bbray@mit.edu,2023-01-03 12:04:00+05,bbray@mit.edu,2023-01-03 12:04:00+05,Fresh Pond
642964,41.908225,-70.57005,0101000020E61000006DC5FEB27BA451C06E3480B740F44440,TA1-A2,900_228000562367,2017-05-07 21:39:51+00,2017-05-07 11:46:00+00,bbray@mit.edu,2023-01-03 12:04:00+05,bbray@mit.edu,2023-01-03 12:04:00+05,Fresh Pond
642965,41.908225,-70.57005,0101000020E61000006DC5FEB27BA451C06E3480B740F44440,TA1-A2,900_228000562366,2017-05-07 21:42:48+00,2017-05-07 23:45:00+00,bbray@mit.edu,2023-01-03 12:04:00+05,bbray@mit.edu,2023-01-03 12:04:00+05,Fresh Pond
642966,41.908225,-70.57005,0101000020E61000006DC5FEB27BA451C06E3480B740F44440,TA1-A2,900_228000562367,2017-05-07 21:42:55+00,2017-05-07 11:46:00+00,bbray@mit.edu,2023-01-03 12:04:00+05,bbray@mit.edu,2023-01-03 12:04:00+05,Fresh Pond
642967,41.90850833,-70.57033056,0101000020E6100000890DBB4B80A451C05FD545004AF44440,TA1-A1,900_228000562369,2017-05-07 22:56:49+00,2017-05-07 11:47:00+00,bbray@mit.edu,2023-01-03 12:04:00+05,bbray@mit.edu,2023-01-03 12:04:00+05,Fresh Pond
642968,41.908225,-70.57005,0101000020E61000006DC5FEB27BA451C06E3480B740F44440,TA1-A2,900_228000562369,2017-05-07 23:00:18+00,2017-05-07 11:47:00+00,bbray@mit.edu,2023-01-03 12:04:00+05,bbray@mit.edu,2023-01-03 12:04:00+05,Fresh Pond
642969,41.908225,-70.57005,0101000020E61000006DC5FEB27BA451C06E3480B740F44440,TA1-A2,900_228000562369,2017-05-07 23:09:22+00,2017-05-07 11:47:00+00,bbray@mit.edu,2023-01-03 12:04:00+05,bbray@mit.edu,2023-01-03 12:04:00+05,Fresh Pond
642970,41.908225,-70.57005,0101000020E61000006DC5FEB27BA451C06E3480B740F44440,TA1-A2,900_228000562369,2017-05-07 23:12:10+00,2017-05-07 11:47:00+00,bbray@mit.edu,2023-01-03 12:04:00+05,bbray@mit.edu,2023-01-03 12:04:00+05,Fresh Pond
642971,41.90850833,-70.57033056,0101000020E6100000890DBB4B80A451C05FD545004AF44440,TA1-A1,900_228000562375,2017-05-07 23:27:56+00,2017-05-07 15:16:00+00,bbray@mit.edu,2023-01-03 12:04:00+05,bbray@mit.edu,2023-01-03 12:04:00+05,Fresh Pond
642972,41.90850833,-70.57033056,0101000020E6100000890DBB4B80A451C05FD545004AF44440,TA1-A1,900_228000562376,2017-05-07 23:31:27+00,2017-05-07 15:16:00+00,bbray@mit.edu,2023-01-03 12:04:00+05,bbray@mit.edu,2023-01-03 12:04:00+05,Fresh Pond
642973,41.908225,-70.57005,0101000020E61000006DC5FEB27BA451C06E3480B740F44440,TA1-A2,900_228000562376,2017-05-07 23:44:56+00,2017-05-07 15:16:00+00,bbray@mit.edu,2023-01-03 12:04:00+05,bbray@mit.edu,2023-01-03 12:04:00+05,Fresh Pond
642974,41.908225,-70.57005,0101000020E61000006DC5FEB27BA451C06E3480B740F44440,TA1-A2,900_228000562375,2017-05-08 00:12:46+00,2017-05-07 15:16:00+00,bbray@mit.edu,2023-01-03 12:04:00+05,bbray@mit.edu,2023-01-03 12:04:00+05,Fresh Pond
642975,41.908225,-70.57005,0101000020E61000006DC5FEB27BA451C06E3480B740F44440,TA1-A2,900_228000562375,2017-05-08 00:25:56+00,2017-05-07 15:16:00+00,bbray@mit.edu,2023-01-03 12:04:00+05,bbray@mit.edu,2023-01-03 12:04:00+05,Fresh Pond
642976,41.90850833,-70.57033056,0101000020E6100000890DBB4B80A451C05FD545004AF44440,TA1-A1,900_228000562375,2017-05-08 02:29:21+00,2017-05-07 15:16:00+00,bbray@mit.edu,2023-01-03 12:04:00+05,bbray@mit.edu,2023-01-03 12:04:00+05,Fresh Pond
642977,41.90850833,-70.57033056,0101000020E6100000890DBB4B80A451C05FD545004AF44440,TA1-A1,900_228000562375,2017-05-08 02:42:46+00,2017-05-07 15:16:00+00,bbray@mit.edu,2023-01-03 12:04:00+05,bbray@mit.edu,2023-01-03 12:04:00+05,Fresh Pond
642978,41.908225,-70.57005,0101000020E61000006DC5FEB27BA451C06E3480B740F44440,TA1-A2,900_228000562375,2017-05-08 03:07:59+00,2017-05-07 15:16:00+00,bbray@mit.edu,2023-01-03 12:04:00+05,bbray@mit.edu,2023-01-03 12:04:00+05,Fresh Pond
642979,41.90505278,-70.56798333,0101000020E6100000954CC4D659A451C009E7F8C4D8F34440,TA2-A1,900_228000562311,2017-04-30 11:49:20+00,2017-04-29 12:54:00+00,bbray@mit.edu,2023-01-03 12:04:00+05,bbray@mit.edu,2023-01-03 12:04:00+05,Fresh Pond
642980,41.90523611,-70.56771944,0101000020E610000015C0EF8355A451C0972AE2C6DEF34440,TA2-A3,900_228000562311,2017-04-30 11:54:19+00,2017-04-29 12:54:00+00,bbray@mit.edu,2023-01-03 12:04:00+05,bbray@mit.edu,2023-01-03 12:04:00+05,Fresh Pond
642981,41.90505278,-70.56798333,0101000020E6100000954CC4D659A451C009E7F8C4D8F34440,TA2-A1,900_228000562306,2017-04-30 12:16:43+00,2017-04-29 12:18:00+00,bbray@mit.edu,2023-01-03 12:04:00+05,bbray@mit.edu,2023-01-03 12:04:00+05,Fresh Pond
642982,41.90505278,-70.56798333,0101000020E6100000954CC4D659A451C009E7F8C4D8F34440,TA2-A1,900_228000562343,2017-04-30 12:18:32+00,2017-04-29 14:59:00+00,bbray@mit.edu,2023-01-03 12:04:00+05,bbray@mit.edu,2023-01-03 12:04:00+05,Fresh Pond
642983,41.90523611,-70.56771944,0101000020E610000015C0EF8355A451C0972AE2C6DEF34440,TA2-A3,900_228000562306,2017-04-30 12:19:55+00,2017-04-29 12:18:00+00,bbray@mit.edu,2023-01-03 12:04:00+05,bbray@mit.edu,2023-01-03 12:04:00+05,Fresh Pond
642984,41.90523611,-70.56771944,0101000020E610000015C0EF8355A451C0972AE2C6DEF34440,TA2-A3,900_228000562343,2017-04-30 12:22:57+00,2017-04-29 14:59:00+00,bbray@mit.edu,2023-01-03 12:04:00+05,bbray@mit.edu,2023-01-03 12:04:00+05,Fresh Pond
642985,41.90505278,-70.56798333,0101000020E6100000954CC4D659A451C009E7F8C4D8F34440,TA2-A1,900_228000562309,2017-04-30 12:25:50+00,2017-04-29 12:37:00+00,bbray@mit.edu,2023-01-03 12:04:00+05,bbray@mit.edu,2023-01-03 12:04:00+05,Fresh Pond
642986,41.90523611,-70.56771944,0101000020E610000015C0EF8355A451C0972AE2C6DEF34440,TA2-A3,900_228000562309,2017-04-30 12:42:07+00,2017-04-29 12:37:00+00,bbray@mit.edu,2023-01-03 12:04:00+05,bbray@mit.edu,2023-01-03 12:04:00+05,Fresh Pond
642987,41.90505278,-70.56798333,0101000020E6100000954CC4D659A451C009E7F8C4D8F34440,TA2-A1,900_228000562345,2017-04-30 13:40:31+00,2017-04-29 15:08:00+00,bbray@mit.edu,2023-01-03 12:04:00+05,bbray@mit.edu,2023-01-03 12:04:00+05,Fresh Pond
642988,41.90523611,-70.56771944,0101000020E610000015C0EF8355A451C0972AE2C6DEF34440,TA2-A3,900_228000562345,2017-04-30 13:49:34+00,2017-04-29 15:08:00+00,bbray@mit.edu,2023-01-03 12:04:00+05,bbray@mit.edu,2023-01-03 12:04:00+05,Fresh Pond
642989,41.90523611,-70.56771944,0101000020E610000015C0EF8355A451C0972AE2C6DEF34440,TA2-A3,900_228000562345,2017-04-30 13:51:21+00,2017-04-29 15:08:00+00,bbray@mit.edu,2023-01-03 12:04:00+05,bbray@mit.edu,2023-01-03 12:04:00+05,Fresh Pond
642990,41.90523611,-70.56771944,0101000020E610000015C0EF8355A451C0972AE2C6DEF34440,TA2-A3,900_228000562345,2017-04-30 13:51:28+00,2017-04-29 15:08:00+00,bbray@mit.edu,2023-01-03 12:04:00+05,bbray@mit.edu,2023-01-03 12:04:00+05,Fresh Pond
642991,41.90505278,-70.56798333,0101000020E6100000954CC4D659A451C009E7F8C4D8F34440,TA2-A1,900_228000562331,2017-04-30 13:51:29+00,2017-04-29 13:59:00+00,bbray@mit.edu,2023-01-03 12:04:00+05,bbray@mit.edu,2023-01-03 12:04:00+05,Fresh Pond
642992,41.90505278,-70.56798333,0101000020E6100000954CC4D659A451C009E7F8C4D8F34440,TA2-A1,900_228000562323,2017-04-30 13:51:30+00,2017-04-29 13:30:00+00,bbray@mit.edu,2023-01-03 12:04:00+05,bbray@mit.edu,2023-01-03 12:04:00+05,Fresh Pond
642993,41.90505278,-70.56798333,0101000020E6100000954CC4D659A451C009E7F8C4D8F34440,TA2-A1,900_228000562351,2017-04-30 15:17:25+00,2017-04-29 16:02:00+00,bbray@mit.edu,2023-01-03 12:04:00+05,bbray@mit.edu,2023-01-03 12:04:00+05,Fresh Pond
642994,41.90523611,-70.56771944,0101000020E610000015C0EF8355A451C0972AE2C6DEF34440,TA2-A3,900_228000562351,2017-04-30 15:23:28+00,2017-04-29 16:02:00+00,bbray@mit.edu,2023-01-03 12:04:00+05,bbray@mit.edu,2023-01-03 12:04:00+05,Fresh Pond
642995,41.90505278,-70.56798333,0101000020E6100000954CC4D659A451C009E7F8C4D8F34440,TA2-A1,900_228000562336,2017-04-30 20:54:23+00,2017-04-29 14:30:00+00,bbray@mit.edu,2023-01-03 12:04:00+05,bbray@mit.edu,2023-01-03 12:04:00+05,Fresh Pond
642996,41.90523611,-70.56771944,0101000020E610000015C0EF8355A451C0972AE2C6DEF34440,TA2-A3,900_228000562336,2017-04-30 21:02:10+00,2017-04-29 14:30:00+00,bbray@mit.edu,2023-01-03 12:04:00+05,bbray@mit.edu,2023-01-03 12:04:00+05,Fresh Pond
642997,41.90523611,-70.56771944,0101000020E610000015C0EF8355A451C0972AE2C6DEF34440,TA2-A3,900_228000562330,2017-04-30 21:02:11+00,2017-04-29 13:53:00+00,bbray@mit.edu,2023-01-03 12:04:00+05,bbray@mit.edu,2023-01-03 12:04:00+05,Fresh Pond
642998,41.90523611,-70.56771944,0101000020E610000015C0EF8355A451C0972AE2C6DEF34440,TA2-A3,900_228000562337,2017-04-30 21:02:12+00,2017-04-29 14:31:00+00,bbray@mit.edu,2023-01-03 12:04:00+05,bbray@mit.edu,2023-01-03 12:04:00+05,Fresh Pond
642999,41.90523611,-70.56771944,0101000020E610000015C0EF8355A451C0972AE2C6DEF34440,TA2-A3,900_228000562325,2017-04-30 21:02:13+00,2017-04-29 13:50:00+00,bbray@mit.edu,2023-01-03 12:04:00+05,bbray@mit.edu,2023-01-03 12:04:00+05,Fresh Pond
643000,41.90505278,-70.56798333,0101000020E6100000954CC4D659A451C009E7F8C4D8F34440,TA2-A1,900_228000562369,2017-05-08 22:40:29+00,2017-05-07 11:47:00+00,bbray@mit.edu,2023-01-03 12:04:00+05,bbray@mit.edu,2023-01-03 12:04:00+05,Fresh Pond
643001,41.90505278,-70.56798333,0101000020E6100000954CC4D659A451C009E7F8C4D8F34440,TA2-A1,900_228000562369,2017-05-08 22:40:34+00,2017-05-07 11:47:00+00,bbray@mit.edu,2023-01-03 12:04:00+05,bbray@mit.edu,2023-01-03 12:04:00+05,Fresh Pond
643002,41.90505278,-70.56798333,0101000020E6100000954CC4D659A451C009E7F8C4D8F34440,TA2-A1,900_228000562369,2017-05-08 22:41:13+00,2017-05-07 11:47:00+00,bbray@mit.edu,2023-01-03 12:04:00+05,bbray@mit.edu,2023-01-03 12:04:00+05,Fresh Pond
643003,41.90523611,-70.56771944,0101000020E610000015C0EF8355A451C0972AE2C6DEF34440,TA2-A3,900_228000562369,2017-05-08 22:53:14+00,2017-05-07 11:47:00+00,bbray@mit.edu,2023-01-03 12:04:00+05,bbray@mit.edu,2023-01-03 12:04:00+05,Fresh Pond
643004,41.90523611,-70.56771944,0101000020E610000015C0EF8355A451C0972AE2C6DEF34440,TA2-A3,900_228000562369,2017-05-08 23:31:07+00,2017-05-07 11:47:00+00,bbray@mit.edu,2023-01-03 12:04:00+05,bbray@mit.edu,2023-01-03 12:04:00+05,Fresh Pond
643005,41.90523611,-70.56771944,0101000020E610000015C0EF8355A451C0972AE2C6DEF34440,TA2-A3,900_228000562369,2017-05-08 23:31:50+00,2017-05-07 11:47:00+00,bbray@mit.edu,2023-01-03 12:04:00+05,bbray@mit.edu,2023-01-03 12:04:00+05,Fresh Pond
643006,41.90523611,-70.56771944,0101000020E610000015C0EF8355A451C0972AE2C6DEF34440,TA2-A3,900_228000562369,2017-05-08 23:31:51+00,2017-05-07 11:47:00+00,bbray@mit.edu,2023-01-03 12:04:00+05,bbray@mit.edu,2023-01-03 12:04:00+05,Fresh Pond
643007,41.90523611,-70.56771944,0101000020E610000015C0EF8355A451C0972AE2C6DEF34440,TA2-A3,900_228000562369,2017-05-08 23:48:24+00,2017-05-07 11:47:00+00,bbray@mit.edu,2023-01-03 12:04:00+05,bbray@mit.edu,2023-01-03 12:04:00+05,Fresh Pond
643008,41.90523611,-70.56771944,0101000020E610000015C0EF8355A451C0972AE2C6DEF34440,TA2-A3,900_228000562369,2017-05-08 23:49:00+00,2017-05-07 11:47:00+00,bbray@mit.edu,2023-01-03 12:04:00+05,bbray@mit.edu,2023-01-03 12:04:00+05,Fresh Pond
643009,41.90523611,-70.56771944,0101000020E610000015C0EF8355A451C0972AE2C6DEF34440,TA2-A3,900_228000562369,2017-05-08 23:49:03+00,2017-05-07 11:47:00+00,bbray@mit.edu,2023-01-03 12:04:00+05,bbray@mit.edu,2023-01-03 12:04:00+05,Fresh Pond
643010,41.90505278,-70.56798333,0101000020E6100000954CC4D659A451C009E7F8C4D8F34440,TA2-A1,900_228000562373,2017-05-08 23:49:08+00,2017-05-07 14:15:00+00,bbray@mit.edu,2023-01-03 12:04:00+05,bbray@mit.edu,2023-01-03 12:04:00+05,Fresh Pond
643011,41.90523611,-70.56771944,0101000020E610000015C0EF8355A451C0972AE2C6DEF34440,TA2-A3,900_228000562369,2017-05-08 23:54:20+00,2017-05-07 11:47:00+00,bbray@mit.edu,2023-01-03 12:04:00+05,bbray@mit.edu,2023-01-03 12:04:00+05,Fresh Pond
643012,41.90523611,-70.56771944,0101000020E610000015C0EF8355A451C0972AE2C6DEF34440,TA2-A3,900_228000562369,2017-05-08 23:55:42+00,2017-05-07 11:47:00+00,bbray@mit.edu,2023-01-03 12:04:00+05,bbray@mit.edu,2023-01-03 12:04:00+05,Fresh Pond
643013,41.90523611,-70.56771944,0101000020E610000015C0EF8355A451C0972AE2C6DEF34440,TA2-A3,900_228000562373,2017-05-08 23:55:47+00,2017-05-07 14:15:00+00,bbray@mit.edu,2023-01-03 12:04:00+05,bbray@mit.edu,2023-01-03 12:04:00+05,Fresh Pond
643014,41.90505278,-70.56798333,0101000020E6100000954CC4D659A451C009E7F8C4D8F34440,TA2-A1,900_228000562366,2017-05-08 23:56:42+00,2017-05-07 11:45:00+00,bbray@mit.edu,2023-01-03 12:04:00+05,bbray@mit.edu,2023-01-03 12:04:00+05,Fresh Pond
643015,41.90505278,-70.56798333,0101000020E6100000954CC4D659A451C009E7F8C4D8F34440,TA2-A1,900_228000562371,2017-05-08 23:56:46+00,2017-05-07 15:12:00+00,bbray@mit.edu,2023-01-03 12:04:00+05,bbray@mit.edu,2023-01-03 12:04:00+05,Fresh Pond
643016,41.90505278,-70.56798333,0101000020E6100000954CC4D659A451C009E7F8C4D8F34440,TA2-A1,900_228000562376,2017-05-08 23:59:11+00,2017-05-07 15:16:00+00,bbray@mit.edu,2023-01-03 12:04:00+05,bbray@mit.edu,2023-01-03 12:04:00+05,Fresh Pond
643017,41.90523611,-70.56771944,0101000020E610000015C0EF8355A451C0972AE2C6DEF34440,TA2-A3,900_228000562366,2017-05-08 23:59:14+00,2017-05-07 11:45:00+00,bbray@mit.edu,2023-01-03 12:04:00+05,bbray@mit.edu,2023-01-03 12:04:00+05,Fresh Pond
643018,41.90505278,-70.56798333,0101000020E6100000954CC4D659A451C009E7F8C4D8F34440,TA2-A1,900_228000562367,2017-05-09 00:05:22+00,2017-05-07 11:46:00+00,bbray@mit.edu,2023-01-03 12:04:00+05,bbray@mit.edu,2023-01-03 12:04:00+05,Fresh Pond
643019,41.90505278,-70.56798333,0101000020E6100000954CC4D659A451C009E7F8C4D8F34440,TA2-A1,900_228000562375,2017-05-09 00:05:26+00,2017-05-07 15:16:00+00,bbray@mit.edu,2023-01-03 12:04:00+05,bbray@mit.edu,2023-01-03 12:04:00+05,Fresh Pond
643020,41.90523611,-70.56771944,0101000020E610000015C0EF8355A451C0972AE2C6DEF34440,TA2-A3,900_228000562376,2017-05-09 00:12:46+00,2017-05-07 15:16:00+00,bbray@mit.edu,2023-01-03 12:04:00+05,bbray@mit.edu,2023-01-03 12:04:00+05,Fresh Pond
643021,41.90523611,-70.56771944,0101000020E610000015C0EF8355A451C0972AE2C6DEF34440,TA2-A3,900_228000562374,2017-05-09 00:12:47+00,2017-05-07 15:16:00+00,bbray@mit.edu,2023-01-03 12:04:00+05,bbray@mit.edu,2023-01-03 12:04:00+05,Fresh Pond
643022,41.90523611,-70.56771944,0101000020E610000015C0EF8355A451C0972AE2C6DEF34440,TA2-A3,900_228000562375,2017-05-09 00:14:21+00,2017-05-07 15:16:00+00,bbray@mit.edu,2023-01-03 12:04:00+05,bbray@mit.edu,2023-01-03 12:04:00+05,Fresh Pond
643023,41.90523611,-70.56771944,0101000020E610000015C0EF8355A451C0972AE2C6DEF34440,TA2-A3,900_228000562367,2017-05-09 00:14:33+00,2017-05-07 11:46:00+00,bbray@mit.edu,2023-01-03 12:04:00+05,bbray@mit.edu,2023-01-03 12:04:00+05,Fresh Pond
643024,41.90428056,-70.5593,0101000020E6100000C7293A92CBA351C0F95A1A77BFF34440,TA3-A1,900_228000562311,2017-05-01 22:47:22+00,2017-04-29 12:54:00+00,bbray@mit.edu,2023-01-03 12:04:00+05,bbray@mit.edu,2023-01-03 12:04:00+05,Fresh Pond
643025,41.90428056,-70.5593,0101000020E6100000C7293A92CBA351C0F95A1A77BFF34440,TA3-A1,900_228000562311,2017-05-01 22:47:23+00,2017-04-29 12:54:00+00,bbray@mit.edu,2023-01-03 12:04:00+05,bbray@mit.edu,2023-01-03 12:04:00+05,Fresh Pond
643026,41.90416944,-70.55914444,0101000020E61000000A9CC705C9A351C0C8DE08D3BBF34440,TA3-A2,900_228000562311,2017-05-01 22:47:50+00,2017-04-29 12:54:00+00,bbray@mit.edu,2023-01-03 12:04:00+05,bbray@mit.edu,2023-01-03 12:04:00+05,Fresh Pond
643027,41.90416944,-70.55914444,0101000020E61000000A9CC705C9A351C0C8DE08D3BBF34440,TA3-A2,900_228000562311,2017-05-01 22:47:53+00,2017-04-29 12:54:00+00,bbray@mit.edu,2023-01-03 12:04:00+05,bbray@mit.edu,2023-01-03 12:04:00+05,Fresh Pond
643028,41.90416944,-70.55914444,0101000020E61000000A9CC705C9A351C0C8DE08D3BBF34440,TA3-A2,900_228000562311,2017-05-01 22:48:40+00,2017-04-29 12:54:00+00,bbray@mit.edu,2023-01-03 12:04:00+05,bbray@mit.edu,2023-01-03 12:04:00+05,Fresh Pond
643029,41.90416944,-70.55914444,0101000020E61000000A9CC705C9A351C0C8DE08D3BBF34440,TA3-A2,900_228000562311,2017-05-01 22:52:29+00,2017-04-29 12:54:00+00,bbray@mit.edu,2023-01-03 12:04:00+05,bbray@mit.edu,2023-01-03 12:04:00+05,Fresh Pond
643030,41.90416944,-70.55914444,0101000020E61000000A9CC705C9A351C0C8DE08D3BBF34440,TA3-A2,900_228000562311,2017-05-01 22:53:19+00,2017-04-29 12:54:00+00,bbray@mit.edu,2023-01-03 12:04:00+05,bbray@mit.edu,2023-01-03 12:04:00+05,Fresh Pond
643031,41.90428056,-70.5593,0101000020E6100000C7293A92CBA351C0F95A1A77BFF34440,TA3-A1,900_228000562311,2017-05-01 22:56:42+00,2017-04-29 12:54:00+00,bbray@mit.edu,2023-01-03 12:04:00+05,bbray@mit.edu,2023-01-03 12:04:00+05,Fresh Pond
643032,41.90428056,-70.5593,0101000020E6100000C7293A92CBA351C0F95A1A77BFF34440,TA3-A1,900_228000562311,2017-05-01 23:06:14+00,2017-04-29 12:54:00+00,bbray@mit.edu,2023-01-03 12:04:00+05,bbray@mit.edu,2023-01-03 12:04:00+05,Fresh Pond
643033,41.90428056,-70.5593,0101000020E6100000C7293A92CBA351C0F95A1A77BFF34440,TA3-A1,900_228000562311,2017-05-01 23:06:16+00,2017-04-29 12:54:00+00,bbray@mit.edu,2023-01-03 12:04:00+05,bbray@mit.edu,2023-01-03 12:04:00+05,Fresh Pond
643034,41.90428056,-70.5593,0101000020E6100000C7293A92CBA351C0F95A1A77BFF34440,TA3-A1,900_228000562311,2017-05-01 23:06:16+00,2017-04-29 12:54:00+00,bbray@mit.edu,2023-01-03 12:04:00+05,bbray@mit.edu,2023-01-03 12:04:00+05,Fresh Pond
643035,41.90428056,-70.5593,0101000020E6100000C7293A92CBA351C0F95A1A77BFF34440,TA3-A1,900_228000562315,2017-05-01 23:06:17+00,2017-04-29 13:13:00+00,bbray@mit.edu,2023-01-03 12:04:00+05,bbray@mit.edu,2023-01-03 12:04:00+05,Fresh Pond
643036,41.90428056,-70.5593,0101000020E6100000C7293A92CBA351C0F95A1A77BFF34440,TA3-A1,900_228000562320,2017-05-01 23:06:18+00,2017-04-29 13:28:00+00,bbray@mit.edu,2023-01-03 12:04:00+05,bbray@mit.edu,2023-01-03 12:04:00+05,Fresh Pond
643037,41.90428056,-70.5593,0101000020E6100000C7293A92CBA351C0F95A1A77BFF34440,TA3-A1,900_228000562314,2017-05-01 23:06:19+00,2017-04-29 13:12:00+00,bbray@mit.edu,2023-01-03 12:04:00+05,bbray@mit.edu,2023-01-03 12:04:00+05,Fresh Pond
643038,41.90428056,-70.5593,0101000020E6100000C7293A92CBA351C0F95A1A77BFF34440,TA3-A1,900_228000562330,2017-05-01 23:06:20+00,2017-04-29 13:53:00+00,bbray@mit.edu,2023-01-03 12:04:00+05,bbray@mit.edu,2023-01-03 12:04:00+05,Fresh Pond
643039,41.90428056,-70.5593,0101000020E6100000C7293A92CBA351C0F95A1A77BFF34440,TA3-A1,900_228000562337,2017-05-01 23:06:21+00,2017-04-29 14:31:00+00,bbray@mit.edu,2023-01-03 12:04:00+05,bbray@mit.edu,2023-01-03 12:04:00+05,Fresh Pond
643040,41.90416944,-70.55914444,0101000020E61000000A9CC705C9A351C0C8DE08D3BBF34440,TA3-A2,900_228000562311,2017-05-01 23:06:48+00,2017-04-29 12:54:00+00,bbray@mit.edu,2023-01-03 12:04:00+05,bbray@mit.edu,2023-01-03 12:04:00+05,Fresh Pond
643041,41.90416944,-70.55914444,0101000020E61000000A9CC705C9A351C0C8DE08D3BBF34440,TA3-A2,900_228000562311,2017-05-01 23:06:51+00,2017-04-29 12:54:00+00,bbray@mit.edu,2023-01-03 12:04:00+05,bbray@mit.edu,2023-01-03 12:04:00+05,Fresh Pond
643042,41.90416944,-70.55914444,0101000020E61000000A9CC705C9A351C0C8DE08D3BBF34440,TA3-A2,900_228000562311,2017-05-01 23:07:01+00,2017-04-29 12:54:00+00,bbray@mit.edu,2023-01-03 12:04:00+05,bbray@mit.edu,2023-01-03 12:04:00+05,Fresh Pond
643043,41.90416944,-70.55914444,0101000020E61000000A9CC705C9A351C0C8DE08D3BBF34440,TA3-A2,900_228000562311,2017-05-01 23:07:54+00,2017-04-29 12:54:00+00,bbray@mit.edu,2023-01-03 12:04:00+05,bbray@mit.edu,2023-01-03 12:04:00+05,Fresh Pond
643044,41.90416944,-70.55914444,0101000020E61000000A9CC705C9A351C0C8DE08D3BBF34440,TA3-A2,900_228000562311,2017-05-01 23:07:55+00,2017-04-29 12:54:00+00,bbray@mit.edu,2023-01-03 12:04:00+05,bbray@mit.edu,2023-01-03 12:04:00+05,Fresh Pond
643045,41.90416944,-70.55914444,0101000020E61000000A9CC705C9A351C0C8DE08D3BBF34440,TA3-A2,900_228000562311,2017-05-01 23:08:14+00,2017-04-29 12:54:00+00,bbray@mit.edu,2023-01-03 12:04:00+05,bbray@mit.edu,2023-01-03 12:04:00+05,Fresh Pond
643046,41.90416944,-70.55914444,0101000020E61000000A9CC705C9A351C0C8DE08D3BBF34440,TA3-A2,900_228000562311,2017-05-01 23:10:49+00,2017-04-29 12:54:00+00,bbray@mit.edu,2023-01-03 12:04:00+05,bbray@mit.edu,2023-01-03 12:04:00+05,Fresh Pond
643047,41.90416944,-70.55914444,0101000020E61000000A9CC705C9A351C0C8DE08D3BBF34440,TA3-A2,900_228000562311,2017-05-01 23:10:50+00,2017-04-29 12:54:00+00,bbray@mit.edu,2023-01-03 12:04:00+05,bbray@mit.edu,2023-01-03 12:04:00+05,Fresh Pond
643048,41.90428056,-70.5593,0101000020E6100000C7293A92CBA351C0F95A1A77BFF34440,TA3-A1,900_228000562311,2017-05-01 23:11:06+00,2017-04-29 12:54:00+00,bbray@mit.edu,2023-01-03 12:04:00+05,bbray@mit.edu,2023-01-03 12:04:00+05,Fresh Pond
643049,41.90428056,-70.5593,0101000020E6100000C7293A92CBA351C0F95A1A77BFF34440,TA3-A1,900_228000562311,2017-05-01 23:12:37+00,2017-04-29 12:54:00+00,bbray@mit.edu,2023-01-03 12:04:00+05,bbray@mit.edu,2023-01-03 12:04:00+05,Fresh Pond
643050,41.90428056,-70.5593,0101000020E6100000C7293A92CBA351C0F95A1A77BFF34440,TA3-A1,900_228000562311,2017-05-01 23:12:38+00,2017-04-29 12:54:00+00,bbray@mit.edu,2023-01-03 12:04:00+05,bbray@mit.edu,2023-01-03 12:04:00+05,Fresh Pond
643051,41.90416944,-70.55914444,0101000020E61000000A9CC705C9A351C0C8DE08D3BBF34440,TA3-A2,900_228000562311,2017-05-01 23:13:14+00,2017-04-29 12:54:00+00,bbray@mit.edu,2023-01-03 12:04:00+05,bbray@mit.edu,2023-01-03 12:04:00+05,Fresh Pond
643052,41.90416944,-70.55914444,0101000020E61000000A9CC705C9A351C0C8DE08D3BBF34440,TA3-A2,900_228000562311,2017-05-01 23:13:32+00,2017-04-29 12:54:00+00,bbray@mit.edu,2023-01-03 12:04:00+05,bbray@mit.edu,2023-01-03 12:04:00+05,Fresh Pond
643053,41.90428056,-70.5593,0101000020E6100000C7293A92CBA351C0F95A1A77BFF34440,TA3-A1,900_228000562311,2017-05-01 23:18:48+00,2017-04-29 12:54:00+00,bbray@mit.edu,2023-01-03 12:04:00+05,bbray@mit.edu,2023-01-03 12:04:00+05,Fresh Pond
643054,41.90428056,-70.5593,0101000020E6100000C7293A92CBA351C0F95A1A77BFF34440,TA3-A1,900_228000562311,2017-05-01 23:18:54+00,2017-04-29 12:54:00+00,bbray@mit.edu,2023-01-03 12:04:00+05,bbray@mit.edu,2023-01-03 12:04:00+05,Fresh Pond
643055,41.90428056,-70.5593,0101000020E6100000C7293A92CBA351C0F95A1A77BFF34440,TA3-A1,900_228000562311,2017-05-01 23:28:16+00,2017-04-29 12:54:00+00,bbray@mit.edu,2023-01-03 12:04:00+05,bbray@mit.edu,2023-01-03 12:04:00+05,Fresh Pond
643056,41.90428056,-70.5593,0101000020E6100000C7293A92CBA351C0F95A1A77BFF34440,TA3-A1,900_228000562311,2017-05-01 23:28:20+00,2017-04-29 12:54:00+00,bbray@mit.edu,2023-01-03 12:04:00+05,bbray@mit.edu,2023-01-03 12:04:00+05,Fresh Pond
643057,41.90416944,-70.55914444,0101000020E61000000A9CC705C9A351C0C8DE08D3BBF34440,TA3-A2,900_228000562311,2017-05-01 23:29:05+00,2017-04-29 12:54:00+00,bbray@mit.edu,2023-01-03 12:04:00+05,bbray@mit.edu,2023-01-03 12:04:00+05,Fresh Pond
643058,41.90416944,-70.55914444,0101000020E61000000A9CC705C9A351C0C8DE08D3BBF34440,TA3-A2,900_228000562311,2017-05-01 23:32:14+00,2017-04-29 12:54:00+00,bbray@mit.edu,2023-01-03 12:04:00+05,bbray@mit.edu,2023-01-03 12:04:00+05,Fresh Pond
643059,41.90428056,-70.5593,0101000020E6100000C7293A92CBA351C0F95A1A77BFF34440,TA3-A1,900_228000562311,2017-05-01 23:32:30+00,2017-04-29 12:54:00+00,bbray@mit.edu,2023-01-03 12:04:00+05,bbray@mit.edu,2023-01-03 12:04:00+05,Fresh Pond
643060,41.90428056,-70.5593,0101000020E6100000C7293A92CBA351C0F95A1A77BFF34440,TA3-A1,900_228000562311,2017-05-01 23:32:32+00,2017-04-29 12:54:00+00,bbray@mit.edu,2023-01-03 12:04:00+05,bbray@mit.edu,2023-01-03 12:04:00+05,Fresh Pond
643061,41.90428056,-70.5593,0101000020E6100000C7293A92CBA351C0F95A1A77BFF34440,TA3-A1,900_228000562311,2017-05-01 23:34:12+00,2017-04-29 12:54:00+00,bbray@mit.edu,2023-01-03 12:04:00+05,bbray@mit.edu,2023-01-03 12:04:00+05,Fresh Pond
643062,41.90428056,-70.5593,0101000020E6100000C7293A92CBA351C0F95A1A77BFF34440,TA3-A1,900_228000562311,2017-05-01 23:34:13+00,2017-04-29 12:54:00+00,bbray@mit.edu,2023-01-03 12:04:00+05,bbray@mit.edu,2023-01-03 12:04:00+05,Fresh Pond
643063,41.90416944,-70.55914444,0101000020E61000000A9CC705C9A351C0C8DE08D3BBF34440,TA3-A2,900_228000562311,2017-05-01 23:34:44+00,2017-04-29 12:54:00+00,bbray@mit.edu,2023-01-03 12:04:00+05,bbray@mit.edu,2023-01-03 12:04:00+05,Fresh Pond
643064,41.90416944,-70.55914444,0101000020E61000000A9CC705C9A351C0C8DE08D3BBF34440,TA3-A2,900_228000562311,2017-05-01 23:34:45+00,2017-04-29 12:54:00+00,bbray@mit.edu,2023-01-03 12:04:00+05,bbray@mit.edu,2023-01-03 12:04:00+05,Fresh Pond
643065,41.90428056,-70.5593,0101000020E6100000C7293A92CBA351C0F95A1A77BFF34440,TA3-A1,900_228000562309,2017-05-02 00:05:00+00,2017-04-29 12:37:00+00,bbray@mit.edu,2023-01-03 12:04:00+05,bbray@mit.edu,2023-01-03 12:04:00+05,Fresh Pond
643066,41.90428056,-70.5593,0101000020E6100000C7293A92CBA351C0F95A1A77BFF34440,TA3-A1,900_228000562336,2017-05-02 00:05:03+00,2017-04-29 14:30:00+00,bbray@mit.edu,2023-01-03 12:04:00+05,bbray@mit.edu,2023-01-03 12:04:00+05,Fresh Pond
643067,41.90428056,-70.5593,0101000020E6100000C7293A92CBA351C0F95A1A77BFF34440,TA3-A1,900_228000562336,2017-05-02 00:05:06+00,2017-04-29 14:30:00+00,bbray@mit.edu,2023-01-03 12:04:00+05,bbray@mit.edu,2023-01-03 12:04:00+05,Fresh Pond
643068,41.90428056,-70.5593,0101000020E6100000C7293A92CBA351C0F95A1A77BFF34440,TA3-A1,900_228000562309,2017-05-02 00:05:07+00,2017-04-29 12:37:00+00,bbray@mit.edu,2023-01-03 12:04:00+05,bbray@mit.edu,2023-01-03 12:04:00+05,Fresh Pond
643069,41.90428056,-70.5593,0101000020E6100000C7293A92CBA351C0F95A1A77BFF34440,TA3-A1,900_228000562309,2017-05-02 00:05:12+00,2017-04-29 12:37:00+00,bbray@mit.edu,2023-01-03 12:04:00+05,bbray@mit.edu,2023-01-03 12:04:00+05,Fresh Pond
643070,41.90428056,-70.5593,0101000020E6100000C7293A92CBA351C0F95A1A77BFF34440,TA3-A1,900_228000562336,2017-05-02 00:05:14+00,2017-04-29 14:30:00+00,bbray@mit.edu,2023-01-03 12:04:00+05,bbray@mit.edu,2023-01-03 12:04:00+05,Fresh Pond
643071,41.90428056,-70.5593,0101000020E6100000C7293A92CBA351C0F95A1A77BFF34440,TA3-A1,900_228000562343,2017-05-02 00:05:15+00,2017-04-29 14:59:00+00,bbray@mit.edu,2023-01-03 12:04:00+05,bbray@mit.edu,2023-01-03 12:04:00+05,Fresh Pond
643072,41.90416944,-70.55914444,0101000020E61000000A9CC705C9A351C0C8DE08D3BBF34440,TA3-A2,900_228000562336,2017-05-02 00:08:16+00,2017-04-29 14:30:00+00,bbray@mit.edu,2023-01-03 12:04:00+05,bbray@mit.edu,2023-01-03 12:04:00+05,Fresh Pond
643073,41.90416944,-70.55914444,0101000020E61000000A9CC705C9A351C0C8DE08D3BBF34440,TA3-A2,900_228000562309,2017-05-02 00:08:20+00,2017-04-29 12:37:00+00,bbray@mit.edu,2023-01-03 12:04:00+05,bbray@mit.edu,2023-01-03 12:04:00+05,Fresh Pond
643074,41.90416944,-70.55914444,0101000020E61000000A9CC705C9A351C0C8DE08D3BBF34440,TA3-A2,900_228000562343,2017-05-02 00:08:22+00,2017-04-29 14:59:00+00,bbray@mit.edu,2023-01-03 12:04:00+05,bbray@mit.edu,2023-01-03 12:04:00+05,Fresh Pond
643075,41.90428056,-70.5593,0101000020E6100000C7293A92CBA351C0F95A1A77BFF34440,TA3-A1,900_228000562345,2017-05-02 01:48:21+00,2017-04-29 15:08:00+00,bbray@mit.edu,2023-01-03 12:04:00+05,bbray@mit.edu,2023-01-03 12:04:00+05,Fresh Pond
643076,41.90428056,-70.5593,0101000020E6100000C7293A92CBA351C0F95A1A77BFF34440,TA3-A1,900_228000562351,2017-05-02 01:48:33+00,2017-04-29 16:02:00+00,bbray@mit.edu,2023-01-03 12:04:00+05,bbray@mit.edu,2023-01-03 12:04:00+05,Fresh Pond
643077,41.90428056,-70.5593,0101000020E6100000C7293A92CBA351C0F95A1A77BFF34440,TA3-A1,900_228000562345,2017-05-02 01:49:34+00,2017-04-29 15:08:00+00,bbray@mit.edu,2023-01-03 12:04:00+05,bbray@mit.edu,2023-01-03 12:04:00+05,Fresh Pond
643078,41.90428056,-70.5593,0101000020E6100000C7293A92CBA351C0F95A1A77BFF34440,TA3-A1,900_228000562351,2017-05-02 01:49:36+00,2017-04-29 16:02:00+00,bbray@mit.edu,2023-01-03 12:04:00+05,bbray@mit.edu,2023-01-03 12:04:00+05,Fresh Pond
643079,41.90428056,-70.5593,0101000020E6100000C7293A92CBA351C0F95A1A77BFF34440,TA3-A1,900_228000562345,2017-05-02 01:49:34+00,2017-04-29 15:08:00+00,bbray@mit.edu,2023-01-03 12:04:00+05,bbray@mit.edu,2023-01-03 12:04:00+05,Fresh Pond
643080,41.90428056,-70.5593,0101000020E6100000C7293A92CBA351C0F95A1A77BFF34440,TA3-A1,900_228000562345,2017-05-02 01:49:39+00,2017-04-29 15:08:00+00,bbray@mit.edu,2023-01-03 12:04:00+05,bbray@mit.edu,2023-01-03 12:04:00+05,Fresh Pond
643081,41.90428056,-70.5593,0101000020E6100000C7293A92CBA351C0F95A1A77BFF34440,TA3-A1,900_228000562345,2017-05-02 01:51:56+00,2017-04-29 15:08:00+00,bbray@mit.edu,2023-01-03 12:04:00+05,bbray@mit.edu,2023-01-03 12:04:00+05,Fresh Pond
643082,41.90416944,-70.55914444,0101000020E61000000A9CC705C9A351C0C8DE08D3BBF34440,TA3-A2,900_228000562345,2017-05-02 01:55:09+00,2017-04-29 15:08:00+00,bbray@mit.edu,2023-01-03 12:04:00+05,bbray@mit.edu,2023-01-03 12:04:00+05,Fresh Pond
643083,41.90416944,-70.55914444,0101000020E61000000A9CC705C9A351C0C8DE08D3BBF34440,TA3-A2,900_228000562304,2017-05-02 01:55:10+00,2017-04-29 12:17:00+00,bbray@mit.edu,2023-01-03 12:04:00+05,bbray@mit.edu,2023-01-03 12:04:00+05,Fresh Pond
643084,41.90416944,-70.55914444,0101000020E61000000A9CC705C9A351C0C8DE08D3BBF34440,TA3-A2,900_228000562326,2017-05-02 01:55:11+00,2017-04-29 13:50:00+00,bbray@mit.edu,2023-01-03 12:04:00+05,bbray@mit.edu,2023-01-03 12:04:00+05,Fresh Pond
643085,41.90416944,-70.55914444,0101000020E61000000A9CC705C9A351C0C8DE08D3BBF34440,TA3-A2,900_228000562317,2017-05-02 01:55:12+00,2017-04-29 13:25:00+00,bbray@mit.edu,2023-01-03 12:04:00+05,bbray@mit.edu,2023-01-03 12:04:00+05,Fresh Pond
643086,41.90416944,-70.55914444,0101000020E61000000A9CC705C9A351C0C8DE08D3BBF34440,TA3-A2,900_228000562316,2017-05-02 01:55:13+00,2017-04-29 13:14:00+00,bbray@mit.edu,2023-01-03 12:04:00+05,bbray@mit.edu,2023-01-03 12:04:00+05,Fresh Pond
643087,41.90416944,-70.55914444,0101000020E61000000A9CC705C9A351C0C8DE08D3BBF34440,TA3-A2,900_228000562302,2017-05-02 01:55:14+00,2017-04-28 16:00:00+00,bbray@mit.edu,2023-01-03 12:04:00+05,bbray@mit.edu,2023-01-03 12:04:00+05,Fresh Pond
643088,41.90416944,-70.55914444,0101000020E61000000A9CC705C9A351C0C8DE08D3BBF34440,TA3-A2,900_228000562303,2017-05-02 01:55:15+00,2017-04-28 16:00:00+00,bbray@mit.edu,2023-01-03 12:04:00+05,bbray@mit.edu,2023-01-03 12:04:00+05,Fresh Pond
643089,41.90416944,-70.55914444,0101000020E61000000A9CC705C9A351C0C8DE08D3BBF34440,TA3-A2,900_228000562331,2017-05-02 01:55:16+00,2017-04-29 13:59:00+00,bbray@mit.edu,2023-01-03 12:04:00+05,bbray@mit.edu,2023-01-03 12:04:00+05,Fresh Pond
643090,41.90428056,-70.5593,0101000020E6100000C7293A92CBA351C0F95A1A77BFF34440,TA3-A1,900_228000562351,2017-05-02 01:58:19+00,2017-04-29 16:02:00+00,bbray@mit.edu,2023-01-03 12:04:00+05,bbray@mit.edu,2023-01-03 12:04:00+05,Fresh Pond
643091,41.90428056,-70.5593,0101000020E6100000C7293A92CBA351C0F95A1A77BFF34440,TA3-A1,900_228000562351,2017-05-02 01:58:22+00,2017-04-29 16:02:00+00,bbray@mit.edu,2023-01-03 12:04:00+05,bbray@mit.edu,2023-01-03 12:04:00+05,Fresh Pond
643092,41.90428056,-70.5593,0101000020E6100000C7293A92CBA351C0F95A1A77BFF34440,TA3-A1,900_228000562351,2017-05-02 01:58:25+00,2017-04-29 16:02:00+00,bbray@mit.edu,2023-01-03 12:04:00+05,bbray@mit.edu,2023-01-03 12:04:00+05,Fresh Pond
643093,41.90416944,-70.55914444,0101000020E61000000A9CC705C9A351C0C8DE08D3BBF34440,TA3-A2,900_228000562351,2017-05-02 02:03:42+00,2017-04-29 16:02:00+00,bbray@mit.edu,2023-01-03 12:04:00+05,bbray@mit.edu,2023-01-03 12:04:00+05,Fresh Pond
643094,41.90428056,-70.5593,0101000020E6100000C7293A92CBA351C0F95A1A77BFF34440,TA3-A1,900_228000562306,2017-05-02 05:16:44+00,2017-04-29 12:18:00+00,bbray@mit.edu,2023-01-03 12:04:00+05,bbray@mit.edu,2023-01-03 12:04:00+05,Fresh Pond
643095,41.90428056,-70.5593,0101000020E6100000C7293A92CBA351C0F95A1A77BFF34440,TA3-A1,900_228000562306,2017-05-02 05:16:46+00,2017-04-29 12:18:00+00,bbray@mit.edu,2023-01-03 12:04:00+05,bbray@mit.edu,2023-01-03 12:04:00+05,Fresh Pond
643096,41.90428056,-70.5593,0101000020E6100000C7293A92CBA351C0F95A1A77BFF34440,TA3-A1,900_228000562306,2017-05-02 05:16:51+00,2017-04-29 12:18:00+00,bbray@mit.edu,2023-01-03 12:04:00+05,bbray@mit.edu,2023-01-03 12:04:00+05,Fresh Pond
643097,41.90416944,-70.55914444,0101000020E61000000A9CC705C9A351C0C8DE08D3BBF34440,TA3-A2,900_228000562306,2017-05-02 05:17:05+00,2017-04-29 12:18:00+00,bbray@mit.edu,2023-01-03 12:04:00+05,bbray@mit.edu,2023-01-03 12:04:00+05,Fresh Pond
643098,41.90416944,-70.55914444,0101000020E61000000A9CC705C9A351C0C8DE08D3BBF34440,TA3-A2,900_228000562306,2017-05-02 05:17:08+00,2017-04-29 12:18:00+00,bbray@mit.edu,2023-01-03 12:04:00+05,bbray@mit.edu,2023-01-03 12:04:00+05,Fresh Pond
643099,41.90416944,-70.55914444,0101000020E61000000A9CC705C9A351C0C8DE08D3BBF34440,TA3-A2,900_228000562306,2017-05-02 05:17:15+00,2017-04-29 12:18:00+00,bbray@mit.edu,2023-01-03 12:04:00+05,bbray@mit.edu,2023-01-03 12:04:00+05,Fresh Pond
643100,41.90428056,-70.5593,0101000020E6100000C7293A92CBA351C0F95A1A77BFF34440,TA3-A1,900_228000562369,2017-05-09 17:25:41+00,2017-05-07 11:47:00+00,bbray@mit.edu,2023-01-03 12:04:00+05,bbray@mit.edu,2023-01-03 12:04:00+05,Fresh Pond
643101,41.90416944,-70.55914444,0101000020E61000000A9CC705C9A351C0C8DE08D3BBF34440,TA3-A2,900_228000562369,2017-05-09 17:27:09+00,2017-05-07 11:47:00+00,bbray@mit.edu,2023-01-03 12:04:00+05,bbray@mit.edu,2023-01-03 12:04:00+05,Fresh Pond
643102,41.90416944,-70.55914444,0101000020E61000000A9CC705C9A351C0C8DE08D3BBF34440,TA3-A2,900_228000562364,2017-05-09 17:27:10+00,2017-05-07 10:42:00+00,bbray@mit.edu,2023-01-03 12:04:00+05,bbray@mit.edu,2023-01-03 12:04:00+05,Fresh Pond
643103,41.90416944,-70.55914444,0101000020E61000000A9CC705C9A351C0C8DE08D3BBF34440,TA3-A2,900_228000562365,2017-05-09 17:27:11+00,2017-05-07 11:45:00+00,bbray@mit.edu,2023-01-03 12:04:00+05,bbray@mit.edu,2023-01-03 12:04:00+05,Fresh Pond
643104,41.90428056,-70.5593,0101000020E6100000C7293A92CBA351C0F95A1A77BFF34440,TA3-A1,900_228000562373,2017-05-09 17:44:10+00,2017-05-07 14:15:00+00,bbray@mit.edu,2023-01-03 12:04:00+05,bbray@mit.edu,2023-01-03 12:04:00+05,Fresh Pond
643105,41.90428056,-70.5593,0101000020E6100000C7293A92CBA351C0F95A1A77BFF34440,TA3-A1,900_228000562376,2017-05-09 17:44:16+00,2017-05-07 15:16:00+00,bbray@mit.edu,2023-01-03 12:04:00+05,bbray@mit.edu,2023-01-03 12:04:00+05,Fresh Pond
643106,41.90416944,-70.55914444,0101000020E61000000A9CC705C9A351C0C8DE08D3BBF34440,TA3-A2,900_228000562373,2017-05-09 17:48:31+00,2017-05-07 14:15:00+00,bbray@mit.edu,2023-01-03 12:04:00+05,bbray@mit.edu,2023-01-03 12:04:00+05,Fresh Pond
643107,41.90416944,-70.55914444,0101000020E61000000A9CC705C9A351C0C8DE08D3BBF34440,TA3-A2,900_228000562376,2017-05-09 17:48:34+00,2017-05-07 15:16:00+00,bbray@mit.edu,2023-01-03 12:04:00+05,bbray@mit.edu,2023-01-03 12:04:00+05,Fresh Pond
643108,41.90428056,-70.5593,0101000020E6100000C7293A92CBA351C0F95A1A77BFF34440,TA3-A1,900_228000562366,2017-05-09 18:07:37+00,2017-05-07 11:45:00+00,bbray@mit.edu,2023-01-03 12:04:00+05,bbray@mit.edu,2023-01-03 12:04:00+05,Fresh Pond
643109,41.90428056,-70.5593,0101000020E6100000C7293A92CBA351C0F95A1A77BFF34440,TA3-A1,900_228000562366,2017-05-09 18:07:40+00,2017-05-07 11:45:00+00,bbray@mit.edu,2023-01-03 12:04:00+05,bbray@mit.edu,2023-01-03 12:04:00+05,Fresh Pond
643110,41.90428056,-70.5593,0101000020E6100000C7293A92CBA351C0F95A1A77BFF34440,TA3-A1,900_228000562366,2017-05-09 18:07:41+00,2017-05-07 11:45:00+00,bbray@mit.edu,2023-01-03 12:04:00+05,bbray@mit.edu,2023-01-03 12:04:00+05,Fresh Pond
643111,41.90428056,-70.5593,0101000020E6100000C7293A92CBA351C0F95A1A77BFF34440,TA3-A1,900_228000562366,2017-05-09 18:07:42+00,2017-05-07 11:45:00+00,bbray@mit.edu,2023-01-03 12:04:00+05,bbray@mit.edu,2023-01-03 12:04:00+05,Fresh Pond
643112,41.90428056,-70.5593,0101000020E6100000C7293A92CBA351C0F95A1A77BFF34440,TA3-A1,900_228000562366,2017-05-09 18:07:42+00,2017-05-07 11:45:00+00,bbray@mit.edu,2023-01-03 12:04:00+05,bbray@mit.edu,2023-01-03 12:04:00+05,Fresh Pond
643113,41.90428056,-70.5593,0101000020E6100000C7293A92CBA351C0F95A1A77BFF34440,TA3-A1,900_228000562366,2017-05-09 18:07:43+00,2017-05-07 11:45:00+00,bbray@mit.edu,2023-01-03 12:04:00+05,bbray@mit.edu,2023-01-03 12:04:00+05,Fresh Pond
643114,41.90428056,-70.5593,0101000020E6100000C7293A92CBA351C0F95A1A77BFF34440,TA3-A1,900_228000562366,2017-05-09 18:07:44+00,2017-05-07 11:45:00+00,bbray@mit.edu,2023-01-03 12:04:00+05,bbray@mit.edu,2023-01-03 12:04:00+05,Fresh Pond
643115,41.90428056,-70.5593,0101000020E6100000C7293A92CBA351C0F95A1A77BFF34440,TA3-A1,900_228000562366,2017-05-09 18:07:45+00,2017-05-07 11:45:00+00,bbray@mit.edu,2023-01-03 12:04:00+05,bbray@mit.edu,2023-01-03 12:04:00+05,Fresh Pond
643116,41.90428056,-70.5593,0101000020E6100000C7293A92CBA351C0F95A1A77BFF34440,TA3-A1,900_228000562366,2017-05-09 18:07:45+00,2017-05-07 11:45:00+00,bbray@mit.edu,2023-01-03 12:04:00+05,bbray@mit.edu,2023-01-03 12:04:00+05,Fresh Pond
643117,41.90428056,-70.5593,0101000020E6100000C7293A92CBA351C0F95A1A77BFF34440,TA3-A1,900_228000562366,2017-05-09 18:07:47+00,2017-05-07 11:45:00+00,bbray@mit.edu,2023-01-03 12:04:00+05,bbray@mit.edu,2023-01-03 12:04:00+05,Fresh Pond
643118,41.90428056,-70.5593,0101000020E6100000C7293A92CBA351C0F95A1A77BFF34440,TA3-A1,900_228000562366,2017-05-09 18:21:37+00,2017-05-07 11:45:00+00,bbray@mit.edu,2023-01-03 12:04:00+05,bbray@mit.edu,2023-01-03 12:04:00+05,Fresh Pond
643119,41.90428056,-70.5593,0101000020E6100000C7293A92CBA351C0F95A1A77BFF34440,TA3-A1,900_228000562366,2017-05-09 18:21:38+00,2017-05-07 11:45:00+00,bbray@mit.edu,2023-01-03 12:04:00+05,bbray@mit.edu,2023-01-03 12:04:00+05,Fresh Pond
643120,41.90428056,-70.5593,0101000020E6100000C7293A92CBA351C0F95A1A77BFF34440,TA3-A1,900_228000562366,2017-05-09 18:21:40+00,2017-05-07 11:45:00+00,bbray@mit.edu,2023-01-03 12:04:00+05,bbray@mit.edu,2023-01-03 12:04:00+05,Fresh Pond
643121,41.90416944,-70.55914444,0101000020E61000000A9CC705C9A351C0C8DE08D3BBF34440,TA3-A2,900_228000562366,2017-05-09 18:21:48+00,2017-05-07 11:45:00+00,bbray@mit.edu,2023-01-03 12:04:00+05,bbray@mit.edu,2023-01-03 12:04:00+05,Fresh Pond
643122,41.90416944,-70.55914444,0101000020E61000000A9CC705C9A351C0C8DE08D3BBF34440,TA3-A2,900_228000562366,2017-05-09 18:21:50+00,2017-05-07 11:45:00+00,bbray@mit.edu,2023-01-03 12:04:00+05,bbray@mit.edu,2023-01-03 12:04:00+05,Fresh Pond
643123,41.90416944,-70.55914444,0101000020E61000000A9CC705C9A351C0C8DE08D3BBF34440,TA3-A2,900_228000562366,2017-05-09 18:21:53+00,2017-05-07 11:45:00+00,bbray@mit.edu,2023-01-03 12:04:00+05,bbray@mit.edu,2023-01-03 12:04:00+05,Fresh Pond
643124,41.90428056,-70.5593,0101000020E6100000C7293A92CBA351C0F95A1A77BFF34440,TA3-A1,900_228000562367,2017-05-09 20:54:11+00,2017-05-07 11:46:00+00,bbray@mit.edu,2023-01-03 12:04:00+05,bbray@mit.edu,2023-01-03 12:04:00+05,Fresh Pond
643125,41.90428056,-70.5593,0101000020E6100000C7293A92CBA351C0F95A1A77BFF34440,TA3-A1,900_228000562367,2017-05-09 20:54:12+00,2017-05-07 11:46:00+00,bbray@mit.edu,2023-01-03 12:04:00+05,bbray@mit.edu,2023-01-03 12:04:00+05,Fresh Pond
643126,41.90428056,-70.5593,0101000020E6100000C7293A92CBA351C0F95A1A77BFF34440,TA3-A1,900_228000562367,2017-05-09 20:54:13+00,2017-05-07 11:46:00+00,bbray@mit.edu,2023-01-03 12:04:00+05,bbray@mit.edu,2023-01-03 12:04:00+05,Fresh Pond
643127,41.90428056,-70.5593,0101000020E6100000C7293A92CBA351C0F95A1A77BFF34440,TA3-A1,900_228000562367,2017-05-09 20:54:15+00,2017-05-07 11:46:00+00,bbray@mit.edu,2023-01-03 12:04:00+05,bbray@mit.edu,2023-01-03 12:04:00+05,Fresh Pond
643128,41.90428056,-70.5593,0101000020E6100000C7293A92CBA351C0F95A1A77BFF34440,TA3-A1,900_228000562367,2017-05-09 20:54:16+00,2017-05-07 11:46:00+00,bbray@mit.edu,2023-01-03 12:04:00+05,bbray@mit.edu,2023-01-03 12:04:00+05,Fresh Pond
643129,41.90428056,-70.5593,0101000020E6100000C7293A92CBA351C0F95A1A77BFF34440,TA3-A1,900_228000562367,2017-05-09 20:54:17+00,2017-05-07 11:46:00+00,bbray@mit.edu,2023-01-03 12:04:00+05,bbray@mit.edu,2023-01-03 12:04:00+05,Fresh Pond
643130,41.90428056,-70.5593,0101000020E6100000C7293A92CBA351C0F95A1A77BFF34440,TA3-A1,900_228000562367,2017-05-09 20:54:18+00,2017-05-07 11:46:00+00,bbray@mit.edu,2023-01-03 12:04:00+05,bbray@mit.edu,2023-01-03 12:04:00+05,Fresh Pond
643131,41.90428056,-70.5593,0101000020E6100000C7293A92CBA351C0F95A1A77BFF34440,TA3-A1,900_228000562367,2017-05-09 20:54:21+00,2017-05-07 11:46:00+00,bbray@mit.edu,2023-01-03 12:04:00+05,bbray@mit.edu,2023-01-03 12:04:00+05,Fresh Pond
643132,41.90428056,-70.5593,0101000020E6100000C7293A92CBA351C0F95A1A77BFF34440,TA3-A1,900_228000562367,2017-05-09 20:54:43+00,2017-05-07 11:46:00+00,bbray@mit.edu,2023-01-03 12:04:00+05,bbray@mit.edu,2023-01-03 12:04:00+05,Fresh Pond
643133,41.90428056,-70.5593,0101000020E6100000C7293A92CBA351C0F95A1A77BFF34440,TA3-A1,900_228000562367,2017-05-09 21:08:51+00,2017-05-07 11:46:00+00,bbray@mit.edu,2023-01-03 12:04:00+05,bbray@mit.edu,2023-01-03 12:04:00+05,Fresh Pond
643134,41.90428056,-70.5593,0101000020E6100000C7293A92CBA351C0F95A1A77BFF34440,TA3-A1,900_228000562367,2017-05-09 21:08:52+00,2017-05-07 11:46:00+00,bbray@mit.edu,2023-01-03 12:04:00+05,bbray@mit.edu,2023-01-03 12:04:00+05,Fresh Pond
643135,41.90428056,-70.5593,0101000020E6100000C7293A92CBA351C0F95A1A77BFF34440,TA3-A1,900_228000562367,2017-05-09 21:10:02+00,2017-05-07 11:46:00+00,bbray@mit.edu,2023-01-03 12:04:00+05,bbray@mit.edu,2023-01-03 12:04:00+05,Fresh Pond
643136,41.90428056,-70.5593,0101000020E6100000C7293A92CBA351C0F95A1A77BFF34440,TA3-A1,900_228000562367,2017-05-09 21:16:10+00,2017-05-07 11:46:00+00,bbray@mit.edu,2023-01-03 12:04:00+05,bbray@mit.edu,2023-01-03 12:04:00+05,Fresh Pond
643137,41.90428056,-70.5593,0101000020E6100000C7293A92CBA351C0F95A1A77BFF34440,TA3-A1,900_228000562367,2017-05-09 21:18:02+00,2017-05-07 11:46:00+00,bbray@mit.edu,2023-01-03 12:04:00+05,bbray@mit.edu,2023-01-03 12:04:00+05,Fresh Pond
643138,41.90428056,-70.5593,0101000020E6100000C7293A92CBA351C0F95A1A77BFF34440,TA3-A1,900_228000562367,2017-05-09 21:39:13+00,2017-05-07 11:46:00+00,bbray@mit.edu,2023-01-03 12:04:00+05,bbray@mit.edu,2023-01-03 12:04:00+05,Fresh Pond
643139,41.90416944,-70.55914444,0101000020E61000000A9CC705C9A351C0C8DE08D3BBF34440,TA3-A2,900_228000562367,2017-05-09 21:39:14+00,2017-05-07 11:46:00+00,bbray@mit.edu,2023-01-03 12:04:00+05,bbray@mit.edu,2023-01-03 12:04:00+05,Fresh Pond
643140,41.90416944,-70.55914444,0101000020E61000000A9CC705C9A351C0C8DE08D3BBF34440,TA3-A2,900_228000562367,2017-05-09 21:43:31+00,2017-05-07 11:46:00+00,bbray@mit.edu,2023-01-03 12:04:00+05,bbray@mit.edu,2023-01-03 12:04:00+05,Fresh Pond
643141,41.90416944,-70.55914444,0101000020E61000000A9CC705C9A351C0C8DE08D3BBF34440,TA3-A2,900_228000562367,2017-05-09 21:43:32+00,2017-05-07 11:46:00+00,bbray@mit.edu,2023-01-03 12:04:00+05,bbray@mit.edu,2023-01-03 12:04:00+05,Fresh Pond
643142,41.90416944,-70.55914444,0101000020E61000000A9CC705C9A351C0C8DE08D3BBF34440,TA3-A2,900_228000562367,2017-05-09 21:43:33+00,2017-05-07 11:46:00+00,bbray@mit.edu,2023-01-03 12:04:00+05,bbray@mit.edu,2023-01-03 12:04:00+05,Fresh Pond
643143,41.90416944,-70.55914444,0101000020E61000000A9CC705C9A351C0C8DE08D3BBF34440,TA3-A2,900_228000562367,2017-05-09 21:44:09+00,2017-05-07 11:46:00+00,bbray@mit.edu,2023-01-03 12:04:00+05,bbray@mit.edu,2023-01-03 12:04:00+05,Fresh Pond
643144,41.90416944,-70.55914444,0101000020E61000000A9CC705C9A351C0C8DE08D3BBF34440,TA3-A2,900_228000562367,2017-05-09 21:39:10+00,2017-05-07 11:46:00+00,bbray@mit.edu,2023-01-03 12:04:00+05,bbray@mit.edu,2023-01-03 12:04:00+05,Fresh Pond
643145,41.90416944,-70.55914444,0101000020E61000000A9CC705C9A351C0C8DE08D3BBF34440,TA3-A2,900_228000562367,2017-05-09 21:39:11+00,2017-05-07 11:46:00+00,bbray@mit.edu,2023-01-03 12:04:00+05,bbray@mit.edu,2023-01-03 12:04:00+05,Fresh Pond
643146,41.90416944,-70.55914444,0101000020E61000000A9CC705C9A351C0C8DE08D3BBF34440,TA3-A2,900_228000562367,2017-05-09 21:39:12+00,2017-05-07 11:46:00+00,bbray@mit.edu,2023-01-03 12:04:00+05,bbray@mit.edu,2023-01-03 12:04:00+05,Fresh Pond
643147,41.90416944,-70.55914444,0101000020E61000000A9CC705C9A351C0C8DE08D3BBF34440,TA3-A2,900_228000562367,2017-05-09 21:39:13+00,2017-05-07 11:46:00+00,bbray@mit.edu,2023-01-03 12:04:00+05,bbray@mit.edu,2023-01-03 12:04:00+05,Fresh Pond
643148,41.90428056,-70.5593,0101000020E6100000C7293A92CBA351C0F95A1A77BFF34440,TA3-A1,900_228000562375,2017-05-09 23:29:33+00,2017-05-07 15:16:00+00,bbray@mit.edu,2023-01-03 12:04:00+05,bbray@mit.edu,2023-01-03 12:04:00+05,Fresh Pond
643149,41.90428056,-70.5593,0101000020E6100000C7293A92CBA351C0F95A1A77BFF34440,TA3-A1,900_228000562375,2017-05-09 23:31:51+00,2017-05-07 15:16:00+00,bbray@mit.edu,2023-01-03 12:04:00+05,bbray@mit.edu,2023-01-03 12:04:00+05,Fresh Pond
643150,41.90428056,-70.5593,0101000020E6100000C7293A92CBA351C0F95A1A77BFF34440,TA3-A1,900_228000562375,2017-05-09 23:40:35+00,2017-05-07 15:16:00+00,bbray@mit.edu,2023-01-03 12:04:00+05,bbray@mit.edu,2023-01-03 12:04:00+05,Fresh Pond
643151,41.90428056,-70.5593,0101000020E6100000C7293A92CBA351C0F95A1A77BFF34440,TA3-A1,900_228000562375,2017-05-09 23:42:11+00,2017-05-07 15:16:00+00,bbray@mit.edu,2023-01-03 12:04:00+05,bbray@mit.edu,2023-01-03 12:04:00+05,Fresh Pond
643152,41.90428056,-70.5593,0101000020E6100000C7293A92CBA351C0F95A1A77BFF34440,TA3-A1,900_228000562375,2017-05-09 23:57:09+00,2017-05-07 15:16:00+00,bbray@mit.edu,2023-01-03 12:04:00+05,bbray@mit.edu,2023-01-03 12:04:00+05,Fresh Pond
643153,41.90416944,-70.55914444,0101000020E61000000A9CC705C9A351C0C8DE08D3BBF34440,TA3-A2,900_228000562375,2017-05-09 23:59:36+00,2017-05-07 15:16:00+00,bbray@mit.edu,2023-01-03 12:04:00+05,bbray@mit.edu,2023-01-03 12:04:00+05,Fresh Pond